ISO-10303-21;
HEADER;
/* Generated by software containing ST-Developer
 * from STEP Tools, Inc. (www.steptools.com) 
 */
/* OPTION: strings as raw bytes, not using required /X/ escapes */

FILE_DESCRIPTION(
/* description */ ('Unknown'),
/* implementation_level */ '2;1');

FILE_NAME(
/* name */ 'headband_MMB_mod',
/* time_stamp */ '2026-02-01T21:54:57+01:00',
/* author */ ('Unknown'),
/* organization */ ('Unknown'),
/* preprocessor_version */ 'ST-DEVELOPER v16.7',
/* originating_system */ 'Solid Edge',
/* authorisation */ 'Unknown');

FILE_SCHEMA (('AUTOMOTIVE_DESIGN {1 0 10303 214 3 1 1}'));
ENDSEC;

DATA;
#10=PROPERTY_DEFINITION_REPRESENTATION(#14,#12);
#11=PROPERTY_DEFINITION_REPRESENTATION(#15,#13);
#12=REPRESENTATION('',(#16),#5150);
#13=REPRESENTATION('',(#17),#5150);
#14=PROPERTY_DEFINITION('pmi validation property','',#5155);
#15=PROPERTY_DEFINITION('pmi validation property','',#5155);
#16=VALUE_REPRESENTATION_ITEM('number of annotations',COUNT_MEASURE(0.));
#17=VALUE_REPRESENTATION_ITEM('number of views',COUNT_MEASURE(0.));
#18=SHAPE_REPRESENTATION_RELATIONSHIP('','',#3001,#19);
#19=ADVANCED_BREP_SHAPE_REPRESENTATION('',(#2999),#5150);
#20=SPHERICAL_SURFACE('',#3122,0.67);
#21=SPHERICAL_SURFACE('',#3126,0.670000000000002);
#22=SPHERICAL_SURFACE('',#3130,0.670000000000002);
#23=SPHERICAL_SURFACE('',#3158,0.67);
#24=SPHERICAL_SURFACE('',#3162,0.670000000000001);
#25=SPHERICAL_SURFACE('',#3166,0.670000000000001);
#26=SPHERICAL_SURFACE('',#3181,0.669999999999992);
#27=SPHERICAL_SURFACE('',#3185,0.669999999999992);
#28=(
BOUNDED_SURFACE()
B_SPLINE_SURFACE(3,2,((#4516,#4517,#4518),(#4519,#4520,#4521),(#4522,#4523,
#4524),(#4525,#4526,#4527),(#4528,#4529,#4530),(#4531,#4532,#4533),(#4534,
#4535,#4536)),.UNSPECIFIED.,.F.,.F.,.F.)
B_SPLINE_SURFACE_WITH_KNOTS((4,1,1,1,4),(3,3),(0.0231600941302226,0.025954046355968,
0.0287479985817134,0.0315419508074588,0.0343359030332042),(0.,1.),
 .UNSPECIFIED.)
GEOMETRIC_REPRESENTATION_ITEM()
RATIONAL_B_SPLINE_SURFACE(((1.,0.707106781186554,1.),(1.,0.731265531925683,
1.),(1.,0.777627929672622,1.),(1.,0.839280070308546,1.),(1.,0.885826463037748,
1.),(1.,0.897966885442396,1.),(1.,0.897677864954328,1.)))
REPRESENTATION_ITEM('')
SURFACE()
);
#29=(
BOUNDED_SURFACE()
B_SPLINE_SURFACE(3,2,((#4544,#4545,#4546),(#4547,#4548,#4549),(#4550,#4551,
#4552),(#4553,#4554,#4555),(#4556,#4557,#4558),(#4559,#4560,#4561),(#4562,
#4563,#4564),(#4565,#4566,#4567),(#4568,#4569,#4570),(#4571,#4572,#4573)),
 .UNSPECIFIED.,.F.,.F.,.F.)
B_SPLINE_SURFACE_WITH_KNOTS((4,1,1,1,1,1,1,4),(3,3),(0.,0.00249529193757166,
0.00499058387514333,0.00748587581271499,0.00998116775028665,0.0124764596878583,
0.01497175162543,0.0199623355005733),(0.,1.),.UNSPECIFIED.)
GEOMETRIC_REPRESENTATION_ITEM()
RATIONAL_B_SPLINE_SURFACE(((1.,0.707106781186548,1.),(1.,0.707080666147312,
1.),(1.,0.709275444276336,1.),(1.,0.71724081170824,1.),(1.,0.72511790005517,
1.),(1.,0.728356243507737,1.),(1.,0.725157494379656,1.),(1.,0.714526954793169,
1.),(1.,0.707054551092965,1.),(1.,0.707106781186548,1.)))
REPRESENTATION_ITEM('')
SURFACE()
);
#30=(
BOUNDED_SURFACE()
B_SPLINE_SURFACE(3,2,((#4577,#4578,#4579),(#4580,#4581,#4582),(#4583,#4584,
#4585),(#4586,#4587,#4588),(#4589,#4590,#4591),(#4592,#4593,#4594),(#4595,
#4596,#4597)),.UNSPECIFIED.,.F.,.F.,.F.)
B_SPLINE_SURFACE_WITH_KNOTS((4,1,1,1,4),(3,3),(0.0231600941302227,0.0259540463559681,
0.0287479985817135,0.0315419508074589,0.0343359030332043),(0.,1.),
 .UNSPECIFIED.)
GEOMETRIC_REPRESENTATION_ITEM()
RATIONAL_B_SPLINE_SURFACE(((1.,0.707106781186548,1.),(1.,0.731265531938488,
1.),(1.,0.777627929666595,1.),(1.,0.839280070310452,1.),(1.,0.885826463036136,
1.),(1.,0.897966885444895,1.),(1.,0.897677864954326,1.)))
REPRESENTATION_ITEM('')
SURFACE()
);
#31=(
BOUNDED_SURFACE()
B_SPLINE_SURFACE(3,2,((#4620,#4621,#4622),(#4623,#4624,#4625),(#4626,#4627,
#4628),(#4629,#4630,#4631),(#4632,#4633,#4634),(#4635,#4636,#4637),(#4638,
#4639,#4640)),.UNSPECIFIED.,.F.,.F.,.F.)
B_SPLINE_SURFACE_WITH_KNOTS((4,1,1,1,4),(3,3),(0.0231600941302227,0.0259540463560019,
0.0287479985817811,0.0315419508075603,0.0343359030333395),(0.,1.),
 .UNSPECIFIED.)
GEOMETRIC_REPRESENTATION_ITEM()
RATIONAL_B_SPLINE_SURFACE(((1.,0.707106781186548,1.),(1.,0.73126553193542,
1.),(1.,0.777627929668799,1.),(1.,0.839280070312121,1.),(1.,0.885826463035042,
1.),(1.,0.897966885451104,1.),(1.,0.897677864954283,1.)))
REPRESENTATION_ITEM('')
SURFACE()
);
#32=(
BOUNDED_SURFACE()
B_SPLINE_SURFACE(3,2,((#4648,#4649,#4650),(#4651,#4652,#4653),(#4654,#4655,
#4656),(#4657,#4658,#4659),(#4660,#4661,#4662),(#4663,#4664,#4665),(#4666,
#4667,#4668),(#4669,#4670,#4671)),.UNSPECIFIED.,.F.,.F.,.F.)
B_SPLINE_SURFACE_WITH_KNOTS((4,1,1,1,1,4),(3,3),(0.0206401029259599,0.0231359149687007,
0.0256317270114415,0.030623351096923,0.0356149751824046,0.0406065992678862),
(0.,1.),.UNSPECIFIED.)
GEOMETRIC_REPRESENTATION_ITEM()
RATIONAL_B_SPLINE_SURFACE(((1.,0.70710678118654,1.),(1.,0.70708066065515,
1.),(1.,0.709257813274391,1.),(1.,0.719993627347843,1.),(1.,0.732209799508703,
1.),(1.,0.717310818814558,1.),(1.,0.707055184320156,1.),(1.,0.707106781186548,
1.)))
REPRESENTATION_ITEM('')
SURFACE()
);
#33=(
BOUNDED_SURFACE()
B_SPLINE_SURFACE(3,2,((#4675,#4676,#4677),(#4678,#4679,#4680),(#4681,#4682,
#4683),(#4684,#4685,#4686),(#4687,#4688,#4689),(#4690,#4691,#4692),(#4693,
#4694,#4695)),.UNSPECIFIED.,.F.,.F.,.F.)
B_SPLINE_SURFACE_WITH_KNOTS((4,1,1,1,4),(3,3),(0.0231600941302226,0.025954046355968,
0.0287479985817134,0.0315419508074588,0.0343359030332042),(0.,1.),
 .UNSPECIFIED.)
GEOMETRIC_REPRESENTATION_ITEM()
RATIONAL_B_SPLINE_SURFACE(((1.,0.707106781186554,1.),(1.,0.731265531929043,
1.),(1.,0.777627929671063,1.),(1.,0.83928007030896,1.),(1.,0.885826463037633,
1.),(1.,0.897966885442396,1.),(1.,0.897677864954328,1.)))
REPRESENTATION_ITEM('')
SURFACE()
);
#34=(
BOUNDED_SURFACE()
B_SPLINE_SURFACE(3,2,((#4703,#4704,#4705),(#4706,#4707,#4708),(#4709,#4710,
#4711),(#4712,#4713,#4714),(#4715,#4716,#4717),(#4718,#4719,#4720),(#4721,
#4722,#4723)),.UNSPECIFIED.,.F.,.F.,.F.)
B_SPLINE_SURFACE_WITH_KNOTS((4,1,1,1,4),(3,3),(0.,0.00272751963571329,0.00545503927142659,
0.00818255890713988,0.0109100785428532),(0.,1.),.UNSPECIFIED.)
GEOMETRIC_REPRESENTATION_ITEM()
RATIONAL_B_SPLINE_SURFACE(((1.,0.465834633285782,1.),(1.,0.465834633574535,
1.),(1.,0.487910467788179,1.),(1.,0.559044697208347,1.),(1.,0.637047363639978,
1.),(1.,0.68468416239842,1.),(1.,0.707106781186546,1.)))
REPRESENTATION_ITEM('')
SURFACE()
);
#35=(
BOUNDED_SURFACE()
B_SPLINE_SURFACE(3,2,((#4725,#4726,#4727),(#4728,#4729,#4730),(#4731,#4732,
#4733),(#4734,#4735,#4736),(#4737,#4738,#4739),(#4740,#4741,#4742),(#4743,
#4744,#4745),(#4746,#4747,#4748)),.UNSPECIFIED.,.F.,.F.,.F.)
B_SPLINE_SURFACE_WITH_KNOTS((4,1,1,1,1,4),(3,3),(0.,0.00249521986664529,
0.00499043973329058,0.00998087946658116,0.0149713191998717,0.0199617589331623),
(0.,1.),.UNSPECIFIED.)
GEOMETRIC_REPRESENTATION_ITEM()
RATIONAL_B_SPLINE_SURFACE(((1.,0.707106781186553,1.),(1.,0.707130944739317,
1.),(1.,0.705127033581223,1.),(1.,0.695051282679444,1.),(1.,0.683092738341739,
1.),(1.,0.697648448486423,1.),(1.,0.707155108285246,1.),(1.,0.707106781186555,
1.)))
REPRESENTATION_ITEM('')
SURFACE()
);
#36=(
BOUNDED_SURFACE()
B_SPLINE_SURFACE(3,2,((#4754,#4755,#4756),(#4757,#4758,#4759),(#4760,#4761,
#4762),(#4763,#4764,#4765),(#4766,#4767,#4768),(#4769,#4770,#4771),(#4772,
#4773,#4774)),.UNSPECIFIED.,.F.,.F.,.F.)
B_SPLINE_SURFACE_WITH_KNOTS((4,1,1,1,4),(3,3),(0.,0.00271648487920164,0.00543296975840328,
0.00814945463760492,0.0108659395168066),(0.,1.),.UNSPECIFIED.)
GEOMETRIC_REPRESENTATION_ITEM()
RATIONAL_B_SPLINE_SURFACE(((1.,0.707106781186548,1.),(1.,0.684639920269828,
1.),(1.,0.63718873180702,1.),(1.,0.559531522608866,1.),(1.,0.488053342651298,
1.),(1.,0.465834633364821,1.),(1.,0.465834633285782,1.)))
REPRESENTATION_ITEM('')
SURFACE()
);
#37=(
BOUNDED_SURFACE()
B_SPLINE_SURFACE(3,2,((#4775,#4776,#4777),(#4778,#4779,#4780),(#4781,#4782,
#4783),(#4784,#4785,#4786),(#4787,#4788,#4789)),.UNSPECIFIED.,.F.,.F.,.F.)
B_SPLINE_SURFACE_WITH_KNOTS((4,1,4),(3,3),(3.26555983795912E-5,0.00134750194340842,
0.00266234828843725),(0.,1.),.UNSPECIFIED.)
GEOMETRIC_REPRESENTATION_ITEM()
RATIONAL_B_SPLINE_SURFACE(((1.,0.896344385632704,1.),(1.,0.927328075272288,
1.),(1.,0.977745094145456,1.),(1.,1.00000000200767,1.),(1.,1.,1.)))
REPRESENTATION_ITEM('')
SURFACE()
);
#38=(
BOUNDED_SURFACE()
B_SPLINE_SURFACE(3,2,((#4796,#4797,#4798),(#4799,#4800,#4801),(#4802,#4803,
#4804),(#4805,#4806,#4807)),.UNSPECIFIED.,.F.,.F.,.F.)
B_SPLINE_SURFACE_WITH_KNOTS((4,4),(3,3),(-0.00268262132513305,-3.27757623218793E-5),
(0.,1.),.PIECEWISE_BEZIER_KNOTS.)
GEOMETRIC_REPRESENTATION_ITEM()
RATIONAL_B_SPLINE_SURFACE(((1.,1.,1.),(1.,1.00000000404617,1.),(1.,0.958582747130822,
1.),(1.,0.896344385633385,1.)))
REPRESENTATION_ITEM('')
SURFACE()
);
#39=(
BOUNDED_SURFACE()
B_SPLINE_SURFACE(3,2,((#4808,#4809,#4810),(#4811,#4812,#4813),(#4814,#4815,
#4816),(#4817,#4818,#4819),(#4820,#4821,#4822)),.UNSPECIFIED.,.F.,.F.,.F.)
B_SPLINE_SURFACE_WITH_KNOTS((4,1,4),(3,3),(5.94038066605912E-5,8.7110790212761E-5,
0.000114817773764931),(0.,1.),.UNSPECIFIED.)
GEOMETRIC_REPRESENTATION_ITEM()
RATIONAL_B_SPLINE_SURFACE(((1.,0.619087168976805,1.),(1.,0.61908591754467,
1.),(1.,0.640752358849622,1.),(1.,0.685632033514381,1.),(1.,0.70710678118648,
1.)))
REPRESENTATION_ITEM('')
SURFACE()
);
#40=(
BOUNDED_SURFACE()
B_SPLINE_SURFACE(3,2,((#4845,#4846,#4847),(#4848,#4849,#4850),(#4851,#4852,
#4853),(#4854,#4855,#4856),(#4857,#4858,#4859),(#4860,#4861,#4862),(#4863,
#4864,#4865),(#4866,#4867,#4868)),.UNSPECIFIED.,.F.,.F.,.F.)
B_SPLINE_SURFACE_WITH_KNOTS((4,1,1,1,1,4),(3,3),(0.,0.00249521986664529,
0.00499043973329058,0.00998087946658116,0.0149713191998717,0.0199617589331623),
(0.,1.),.UNSPECIFIED.)
GEOMETRIC_REPRESENTATION_ITEM()
RATIONAL_B_SPLINE_SURFACE(((1.,0.707106781186555,1.),(1.,0.707130944737867,
1.),(1.,0.705127033581878,1.),(1.,0.695051282679066,1.),(1.,0.683092738341867,
1.),(1.,0.697648448486386,1.),(1.,0.707155108285246,1.),(1.,0.707106781186555,
1.)))
REPRESENTATION_ITEM('')
SURFACE()
);
#41=(
BOUNDED_SURFACE()
B_SPLINE_SURFACE(3,2,((#4875,#4876,#4877),(#4878,#4879,#4880),(#4881,#4882,
#4883),(#4884,#4885,#4886),(#4887,#4888,#4889),(#4890,#4891,#4892),(#4893,
#4894,#4895)),.UNSPECIFIED.,.F.,.F.,.F.)
B_SPLINE_SURFACE_WITH_KNOTS((4,1,1,1,4),(3,3),(0.,0.0027275196357133,0.00545503927142659,
0.00818255890713989,0.0109100785428532),(0.,1.),.UNSPECIFIED.)
GEOMETRIC_REPRESENTATION_ITEM()
RATIONAL_B_SPLINE_SURFACE(((1.,0.465834633285782,1.),(1.,0.465834633574535,
1.),(1.,0.487910467788274,1.),(1.,0.559044697208021,1.),(1.,0.637047363641188,
1.),(1.,0.684684162395817,1.),(1.,0.707106781186548,1.)))
REPRESENTATION_ITEM('')
SURFACE()
);
#42=(
BOUNDED_SURFACE()
B_SPLINE_SURFACE(3,2,((#4897,#4898,#4899),(#4900,#4901,#4902),(#4903,#4904,
#4905),(#4906,#4907,#4908),(#4909,#4910,#4911),(#4912,#4913,#4914),(#4915,
#4916,#4917)),.UNSPECIFIED.,.F.,.F.,.F.)
B_SPLINE_SURFACE_WITH_KNOTS((4,1,1,1,4),(3,3),(0.,0.00271648487920164,0.00543296975840328,
0.00814945463760492,0.0108659395168066),(0.,1.),.UNSPECIFIED.)
GEOMETRIC_REPRESENTATION_ITEM()
RATIONAL_B_SPLINE_SURFACE(((1.,0.707106781186546,1.),(1.,0.684639920273306,
1.),(1.,0.637188731805409,1.),(1.,0.5595315226093,1.),(1.,0.488053342651174,
1.),(1.,0.465834633364821,1.),(1.,0.465834633285782,1.)))
REPRESENTATION_ITEM('')
SURFACE()
);
#43=(
BOUNDED_SURFACE()
B_SPLINE_SURFACE(3,2,((#4920,#4921,#4922),(#4923,#4924,#4925),(#4926,#4927,
#4928),(#4929,#4930,#4931)),.UNSPECIFIED.,.F.,.F.,.F.)
B_SPLINE_SURFACE_WITH_KNOTS((4,4),(3,3),(5.88926207360951E-5,0.000114256778002717),
(0.,1.),.PIECEWISE_BEZIER_KNOTS.)
GEOMETRIC_REPRESENTATION_ITEM()
RATIONAL_B_SPLINE_SURFACE(((1.,0.707106781181117,1.),(1.,0.746898729437183,
1.),(1.,0.779705661859652,1.),(1.,0.779708193554407,1.)))
REPRESENTATION_ITEM('')
SURFACE()
);
#44=(
BOUNDED_SURFACE()
B_SPLINE_SURFACE(3,2,((#4949,#4950,#4951),(#4952,#4953,#4954),(#4955,#4956,
#4957),(#4958,#4959,#4960)),.UNSPECIFIED.,.F.,.F.,.F.)
B_SPLINE_SURFACE_WITH_KNOTS((4,4),(3,3),(5.92559978537578E-5,0.000114558628292904),
(0.,1.),.PIECEWISE_BEZIER_KNOTS.)
GEOMETRIC_REPRESENTATION_ITEM()
RATIONAL_B_SPLINE_SURFACE(((1.,0.779708193554407,1.),(1.,0.779709149553777,
1.),(1.,0.746931799960527,1.),(1.,0.707106781186549,1.)))
REPRESENTATION_ITEM('')
SURFACE()
);
#45=(
BOUNDED_SURFACE()
B_SPLINE_SURFACE(3,2,((#4961,#4962,#4963),(#4964,#4965,#4966),(#4967,#4968,
#4969),(#4970,#4971,#4972),(#4973,#4974,#4975)),.UNSPECIFIED.,.F.,.F.,.F.)
B_SPLINE_SURFACE_WITH_KNOTS((4,1,4),(3,3),(5.8978625717274E-5,8.67216032075095E-5,
0.000114464580697745),(0.,1.),.UNSPECIFIED.)
GEOMETRIC_REPRESENTATION_ITEM()
RATIONAL_B_SPLINE_SURFACE(((1.,0.707106781192051,1.),(1.,0.685658348270239,
1.),(1.,0.640816093024578,1.),(1.,0.619089009545386,1.),(1.,0.619087168976805,
1.)))
REPRESENTATION_ITEM('')
SURFACE()
);
#46=(
BOUNDED_SURFACE()
B_SPLINE_SURFACE(3,2,((#4983,#4984,#4985),(#4986,#4987,#4988),(#4989,#4990,
#4991),(#4992,#4993,#4994),(#4995,#4996,#4997)),.UNSPECIFIED.,.F.,.F.,.F.)
B_SPLINE_SURFACE_WITH_KNOTS((4,1,4),(3,3),(0.,0.00131539202405732,0.00263078404811464),
(0.,1.),.UNSPECIFIED.)
GEOMETRIC_REPRESENTATION_ITEM()
RATIONAL_B_SPLINE_SURFACE(((1.,0.896344385633385,1.),(1.,0.927377520228715,
1.),(1.,0.977790708330556,1.),(1.,1.00000000200853,1.),(1.,1.,1.)))
REPRESENTATION_ITEM('')
SURFACE()
);
#47=(
BOUNDED_SURFACE()
B_SPLINE_SURFACE(3,2,((#5001,#5002,#5003),(#5004,#5005,#5006),(#5007,#5008,
#5009),(#5010,#5011,#5012),(#5013,#5014,#5015)),.UNSPECIFIED.,.F.,.F.,.F.)
B_SPLINE_SURFACE_WITH_KNOTS((4,1,4),(3,3),(-8.23129814643191E-6,0.0010985481602655,
0.00220532761867742),(0.,1.),.UNSPECIFIED.)
GEOMETRIC_REPRESENTATION_ITEM()
RATIONAL_B_SPLINE_SURFACE(((1.,1.,1.),(1.,1.00000000018659,1.),(1.,0.957247447129965,
1.),(1.,0.896344381029925,1.),(1.,0.896344385633382,1.)))
REPRESENTATION_ITEM('')
SURFACE()
);
#48=(
BOUNDED_SURFACE()
B_SPLINE_SURFACE(3,2,((#5016,#5017,#5018),(#5019,#5020,#5021),(#5022,#5023,
#5024),(#5025,#5026,#5027),(#5028,#5029,#5030)),.UNSPECIFIED.,.F.,.F.,.F.)
B_SPLINE_SURFACE_WITH_KNOTS((4,1,4),(3,3),(0.,0.00131531609933437,0.00263063219866875),
(0.,1.),.UNSPECIFIED.)
GEOMETRIC_REPRESENTATION_ITEM()
RATIONAL_B_SPLINE_SURFACE(((1.,0.896344385633385,1.),(1.,0.927379958457225,
1.),(1.,0.977786313585553,1.),(1.,1.00000000200837,1.),(1.,1.,1.)))
REPRESENTATION_ITEM('')
SURFACE()
);
#49=(
BOUNDED_SURFACE()
B_SPLINE_SURFACE(3,2,((#5034,#5035,#5036),(#5037,#5038,#5039),(#5040,#5041,
#5042),(#5043,#5044,#5045),(#5046,#5047,#5048)),.UNSPECIFIED.,.F.,.F.,.F.)
B_SPLINE_SURFACE_WITH_KNOTS((4,1,4),(3,3),(-8.2312981464258E-6,0.00109854816026551,
0.00220532761867744),(0.,1.),.UNSPECIFIED.)
GEOMETRIC_REPRESENTATION_ITEM()
RATIONAL_B_SPLINE_SURFACE(((1.,1.,1.),(1.,1.00000000018659,1.),(1.,0.957247447129964,
1.),(1.,0.896344381029925,1.),(1.,0.896344385633382,1.)))
REPRESENTATION_ITEM('')
SURFACE()
);
#50=TOROIDAL_SURFACE('',#3017,109.255,0.67);
#51=TOROIDAL_SURFACE('',#3021,109.255,0.67);
#52=TOROIDAL_SURFACE('',#3108,109.255,0.67);
#53=TOROIDAL_SURFACE('',#3111,109.255,0.67);
#54=TOROIDAL_SURFACE('',#3123,118.075,0.670000000000002);
#55=TOROIDAL_SURFACE('',#3132,109.255,0.67);
#56=TOROIDAL_SURFACE('',#3135,109.255,0.67);
#57=TOROIDAL_SURFACE('',#3137,118.075,0.669999999999996);
#58=TOROIDAL_SURFACE('',#3144,118.075,0.669999999999996);
#59=TOROIDAL_SURFACE('',#3152,109.255,0.670000000000002);
#60=TOROIDAL_SURFACE('',#3154,1.34,0.67);
#61=TOROIDAL_SURFACE('',#3155,118.075,0.67);
#62=TOROIDAL_SURFACE('',#3172,118.075,0.669999999999996);
#63=TOROIDAL_SURFACE('',#3174,118.075,0.669999999999996);
#64=TOROIDAL_SURFACE('',#3179,118.075,0.669999999999992);
#65=TOROIDAL_SURFACE('',#3187,118.075,0.669999999999992);
#66=TOROIDAL_SURFACE('',#3188,109.255,0.669999999999993);
#67=TOROIDAL_SURFACE('',#3190,1.33999999999999,0.669999999999993);
#68=TOROIDAL_SURFACE('',#3216,6.38,0.67);
#69=TOROIDAL_SURFACE('',#3218,6.38,0.67);
#70=TOROIDAL_SURFACE('',#3224,6.38,0.67);
#71=TOROIDAL_SURFACE('',#3226,6.38,0.67);
#72=TOROIDAL_SURFACE('',#3232,6.38,0.669999999999998);
#73=TOROIDAL_SURFACE('',#3234,6.38,0.669999999999998);
#74=TOROIDAL_SURFACE('',#3240,6.38,0.669999999999998);
#75=TOROIDAL_SURFACE('',#3242,6.38,0.669999999999998);
#76=CYLINDRICAL_SURFACE('',#3015,0.67);
#77=CYLINDRICAL_SURFACE('',#3025,0.67);
#78=CYLINDRICAL_SURFACE('',#3034,118.745);
#79=CYLINDRICAL_SURFACE('',#3039,0.635);
#80=CYLINDRICAL_SURFACE('',#3042,0.635);
#81=CYLINDRICAL_SURFACE('',#3045,0.635);
#82=CYLINDRICAL_SURFACE('',#3048,0.635);
#83=CYLINDRICAL_SURFACE('',#3051,2.8575);
#84=CYLINDRICAL_SURFACE('',#3053,4.7625);
#85=CYLINDRICAL_SURFACE('',#3056,2.8575);
#86=CYLINDRICAL_SURFACE('',#3058,4.7625);
#87=CYLINDRICAL_SURFACE('',#3061,5.715);
#88=CYLINDRICAL_SURFACE('',#3062,108.585);
#89=CYLINDRICAL_SURFACE('',#3067,108.585);
#90=CYLINDRICAL_SURFACE('',#3076,2.8575);
#91=CYLINDRICAL_SURFACE('',#3077,2.8575);
#92=CYLINDRICAL_SURFACE('',#3078,5.715);
#93=CYLINDRICAL_SURFACE('',#3085,4.7625);
#94=CYLINDRICAL_SURFACE('',#3086,4.7625);
#95=CYLINDRICAL_SURFACE('',#3098,118.745);
#96=CYLINDRICAL_SURFACE('',#3103,5.70999999999999);
#97=CYLINDRICAL_SURFACE('',#3104,5.70999999999999);
#98=CYLINDRICAL_SURFACE('',#3105,5.70999999999999);
#99=CYLINDRICAL_SURFACE('',#3106,5.70999999999999);
#100=CYLINDRICAL_SURFACE('',#3113,0.67);
#101=CYLINDRICAL_SURFACE('',#3116,0.67);
#102=CYLINDRICAL_SURFACE('',#3119,0.67);
#103=CYLINDRICAL_SURFACE('',#3128,0.670000000000002);
#104=CYLINDRICAL_SURFACE('',#3142,0.669999999999996);
#105=CYLINDRICAL_SURFACE('',#3147,0.67);
#106=CYLINDRICAL_SURFACE('',#3149,0.67);
#107=CYLINDRICAL_SURFACE('',#3159,0.670000000000001);
#108=CYLINDRICAL_SURFACE('',#3164,0.670000000000001);
#109=CYLINDRICAL_SURFACE('',#3168,0.670000000000001);
#110=CYLINDRICAL_SURFACE('',#3178,0.669999999999996);
#111=CYLINDRICAL_SURFACE('',#3183,0.669999999999992);
#112=CYLINDRICAL_SURFACE('',#3192,0.669999999999999);
#113=CYLINDRICAL_SURFACE('',#3195,0.669999999999999);
#114=CYLINDRICAL_SURFACE('',#3201,5.71);
#115=CYLINDRICAL_SURFACE('',#3204,5.71);
#116=CYLINDRICAL_SURFACE('',#3207,5.71);
#117=CYLINDRICAL_SURFACE('',#3210,5.71);
#118=CYLINDRICAL_SURFACE('',#3213,0.67);
#119=CYLINDRICAL_SURFACE('',#3220,0.67);
#120=CYLINDRICAL_SURFACE('',#3222,0.67);
#121=CYLINDRICAL_SURFACE('',#3228,0.67);
#122=CYLINDRICAL_SURFACE('',#3229,0.669999999999998);
#123=CYLINDRICAL_SURFACE('',#3236,0.669999999999998);
#124=CYLINDRICAL_SURFACE('',#3238,0.669999999999998);
#125=CYLINDRICAL_SURFACE('',#3244,0.669999999999998);
#126=B_SPLINE_CURVE_WITH_KNOTS('',3,(#3898,#3899,#3900,#3901),
 .UNSPECIFIED.,.F.,.F.,(4,4),(3.46944695195361E-18,0.0026306321986688),
 .UNSPECIFIED.);
#127=B_SPLINE_CURVE_WITH_KNOTS('',3,(#3909,#3910,#3911,#3912),
 .UNSPECIFIED.,.F.,.F.,(4,4),(0.,0.00263020967877527),.UNSPECIFIED.);
#128=B_SPLINE_CURVE_WITH_KNOTS('',3,(#3920,#3921,#3922,#3923),
 .UNSPECIFIED.,.F.,.F.,(4,4),(0.,0.00267349751113396),.UNSPECIFIED.);
#129=B_SPLINE_CURVE_WITH_KNOTS('',3,(#3931,#3932,#3933,#3934),
 .UNSPECIFIED.,.F.,.F.,(4,4),(1.73472347597681E-18,0.0026307840481147),
 .UNSPECIFIED.);
#130=B_SPLINE_CURVE_WITH_KNOTS('',3,(#3968,#3969,#3970,#3971,#3972),
 .UNSPECIFIED.,.F.,.F.,(4,1,4),(3.25260651745651E-19,0.000644970894405211,
0.00128994178881042),.UNSPECIFIED.);
#131=B_SPLINE_CURVE_WITH_KNOTS('',3,(#3978,#3979,#3980,#3981,#3982),
 .UNSPECIFIED.,.F.,.F.,(4,1,4),(4.33680868994202E-19,0.000645532144483961,
0.00129106428896792),.UNSPECIFIED.);
#132=B_SPLINE_CURVE_WITH_KNOTS('',3,(#3990,#3991,#3992,#3993,#3994),
 .UNSPECIFIED.,.F.,.F.,(4,1,4),(0.,0.000645532144483967,0.00129106428896793),
 .UNSPECIFIED.);
#133=B_SPLINE_CURVE_WITH_KNOTS('',3,(#4000,#4001,#4002,#4003,#4004),
 .UNSPECIFIED.,.F.,.F.,(4,1,4),(0.,0.000644970894405224,0.00128994178881045),
 .UNSPECIFIED.);
#134=B_SPLINE_CURVE_WITH_KNOTS('',3,(#4009,#4010,#4011,#4012),
 .UNSPECIFIED.,.F.,.F.,(4,4),(0.,5.55030735427287E-5),.UNSPECIFIED.);
#135=B_SPLINE_CURVE_WITH_KNOTS('',3,(#4017,#4018,#4019,#4020),
 .UNSPECIFIED.,.F.,.F.,(4,4),(0.,5.61191676510082E-5),.UNSPECIFIED.);
#136=B_SPLINE_CURVE_WITH_KNOTS('',3,(#4024,#4025,#4026,#4027),
 .UNSPECIFIED.,.F.,.F.,(4,4),(0.,5.53731553264879E-5),.UNSPECIFIED.);
#137=B_SPLINE_CURVE_WITH_KNOTS('',3,(#4031,#4032,#4033,#4034),
 .UNSPECIFIED.,.F.,.F.,(4,4),(0.,5.62350688494577E-5),.UNSPECIFIED.);
#138=B_SPLINE_CURVE_WITH_KNOTS('',3,(#4056,#4057,#4058,#4059,#4060,#4061,
#4062),.UNSPECIFIED.,.F.,.F.,(4,1,1,1,4),(0.,0.00273224940724336,0.00546449881448671,
0.00819674822173007,0.0109289976289734),.UNSPECIFIED.);
#139=B_SPLINE_CURVE_WITH_KNOTS('',3,(#4067,#4068,#4069,#4070,#4071,#4072,
#4073),.UNSPECIFIED.,.F.,.F.,(4,1,1,1,4),(0.,0.00278674240432638,0.00557348480865277,
0.00836022721297915,0.0111469696173055),.UNSPECIFIED.);
#140=B_SPLINE_CURVE_WITH_KNOTS('',3,(#4077,#4078,#4079,#4080,#4081,#4082,
#4083,#4084,#4085,#4086),.UNSPECIFIED.,.F.,.F.,(4,1,1,1,1,1,1,4),(0.,0.00506918192703581,
0.00760377289055372,0.0101383638540716,0.0126729548175895,0.0152075457811074,
0.0177421367446253,0.0202767277081432),.UNSPECIFIED.);
#141=B_SPLINE_CURVE_WITH_KNOTS('',3,(#4097,#4098,#4099,#4100,#4101,#4102,
#4103,#4104,#4105,#4106,#4107),.UNSPECIFIED.,.T.,.F.,(1,1,1,1,1,1,1,1,1,
1,1,1,1,1,1),(-0.00672664285612525,-0.00448442857075016,-0.00224221428537508,
0.,0.00224221428537508,0.00448442857075016,0.00672664285612524,0.00896885714150033,
0.0112110714268754,0.0134532857122505,0.0156954999976256,0.0179377142830007,
0.0201799285683757,0.0224221428537508,0.0246643571391259),.UNSPECIFIED.);
#142=B_SPLINE_CURVE_WITH_KNOTS('',3,(#4109,#4110,#4111,#4112,#4113,#4114,
#4115,#4116,#4117,#4118,#4119),.UNSPECIFIED.,.T.,.F.,(1,1,1,1,1,1,1,1,1,
1,1,1,1,1,1),(-0.00672664285612525,-0.00448442857075016,-0.00224221428537508,
0.,0.00224221428537508,0.00448442857075016,0.00672664285612524,0.00896885714150033,
0.0112110714268754,0.0134532857122505,0.0156954999976256,0.0179377142830007,
0.0201799285683757,0.0224221428537508,0.0246643571391259),.UNSPECIFIED.);
#143=B_SPLINE_CURVE_WITH_KNOTS('',3,(#4148,#4149,#4150,#4151,#4152,#4153,
#4154,#4155,#4156,#4157,#4158,#4159),.UNSPECIFIED.,.T.,.F.,(1,1,1,1,1,1,
1,1,1,1,1,1,1,1,1,1),(-0.00748107395508691,-0.00374053697754346,-0.00187026848877173,
0.,0.00374053697754346,0.00748107395508691,0.0112216109326304,0.0149621479101738,
0.0187026848877173,0.0224432218652607,0.0261837588428042,0.0280540273315759,
0.0299242958203477,0.0336648327978911,0.0374053697754346,0.041145906752978),
 .UNSPECIFIED.);
#144=B_SPLINE_CURVE_WITH_KNOTS('',3,(#4168,#4169,#4170,#4171,#4172,#4173,
#4174,#4175,#4176,#4177,#4178,#4179),.UNSPECIFIED.,.T.,.F.,(1,1,1,1,1,1,
1,1,1,1,1,1,1,1,1,1),(-0.00748107395508691,-0.00374053697754346,-0.00187026848877173,
0.,0.00374053697754345,0.00748107395508691,0.0112216109326304,0.0149621479101738,
0.0187026848877173,0.0224432218652607,0.0261837588428042,0.0280540273315759,
0.0299242958203476,0.0336648327978911,0.0374053697754345,0.041145906752978),
 .UNSPECIFIED.);
#145=B_SPLINE_CURVE_WITH_KNOTS('',3,(#4183,#4184,#4185,#4186,#4187,#4188,
#4189,#4190),.UNSPECIFIED.,.F.,.F.,(4,1,1,1,1,4),(0.,0.00223347565674443,
0.00446695131348885,0.0089339026269777,0.0134008539404666,0.0178678052539554),
 .UNSPECIFIED.);
#146=B_SPLINE_CURVE_WITH_KNOTS('',3,(#4191,#4192,#4193,#4194,#4195,#4196,
#4197,#4198),.UNSPECIFIED.,.F.,.F.,(4,1,1,1,1,4),(0.,0.00223355493139891,
0.00446710986279783,0.00893421972559565,0.0134013295883935,0.0178684394511913),
 .UNSPECIFIED.);
#147=B_SPLINE_CURVE_WITH_KNOTS('',3,(#4208,#4209,#4210,#4211,#4212,#4213,
#4214),.UNSPECIFIED.,.F.,.F.,(4,1,1,1,4),(0.00267704717918755,0.00483197550590536,
0.00698690383262317,0.00914183215934098,0.0112967604860588),
 .UNSPECIFIED.);
#148=B_SPLINE_CURVE_WITH_KNOTS('',3,(#4218,#4219,#4220,#4221,#4222,#4223,
#4224,#4225),.UNSPECIFIED.,.F.,.F.,(4,1,1,1,1,4),(0.,0.00504006801514272,
0.0100801360302854,0.0151202040454282,0.0176402380529995,0.0201602720605709),
 .UNSPECIFIED.);
#149=B_SPLINE_CURVE_WITH_KNOTS('',3,(#4229,#4230,#4231,#4232,#4233,#4234,
#4235),.UNSPECIFIED.,.F.,.F.,(4,1,1,1,4),(0.,0.00211035869221429,0.00422071738442858,
0.00633107607664286,0.00844143476885715),.UNSPECIFIED.);
#150=B_SPLINE_CURVE_WITH_KNOTS('',3,(#4239,#4240,#4241,#4242,#4243,#4244,
#4245),.UNSPECIFIED.,.F.,.F.,(4,1,1,1,4),(0.000801674928491821,0.0029499272480073,
0.00509817956752278,0.00724643188703826,0.00939468420655374),
 .UNSPECIFIED.);
#151=B_SPLINE_CURVE_WITH_KNOTS('',3,(#4249,#4250,#4251,#4252,#4253,#4254,
#4255,#4256),.UNSPECIFIED.,.F.,.F.,(4,1,1,1,1,4),(0.,0.00248742692524606,
0.00497485385049212,0.00994970770098424,0.0149245615514764,0.0198994154019685),
 .UNSPECIFIED.);
#152=B_SPLINE_CURVE_WITH_KNOTS('',3,(#4260,#4261,#4262,#4263,#4264,#4265,
#4266),.UNSPECIFIED.,.F.,.F.,(4,1,1,1,4),(0.,0.00211035869221633,0.00422071738443266,
0.00633107607664899,0.00844143476886531),.UNSPECIFIED.);
#153=B_SPLINE_CURVE_WITH_KNOTS('',3,(#4270,#4271,#4272,#4273,#4274,#4275,
#4276,#4277,#4278,#4279,#4280),.UNSPECIFIED.,.T.,.F.,(1,1,1,1,1,1,1,1,1,
1,1,1,1,1,1),(-0.0112211299669577,-0.00748075331130512,-0.00374037665565256,
0.,0.00374037665565256,0.00748075331130512,0.0112211299669577,0.0149615066226102,
0.0187018832782628,0.0224422599339154,0.0261826365895679,0.0299230132452205,
0.033663389900873,0.0374037665565256,0.0411441432121782),.UNSPECIFIED.);
#154=B_SPLINE_CURVE_WITH_KNOTS('',3,(#4282,#4283,#4284,#4285,#4286,#4287,
#4288,#4289,#4290,#4291,#4292),.UNSPECIFIED.,.T.,.F.,(1,1,1,1,1,1,1,1,1,
1,1,1,1,1,1),(-0.0112211299669577,-0.00748075331130511,-0.00374037665565256,
0.,0.00374037665565256,0.00748075331130512,0.0112211299669577,0.0149615066226102,
0.0187018832782628,0.0224422599339153,0.0261826365895679,0.0299230132452205,
0.033663389900873,0.0374037665565256,0.0411441432121781),.UNSPECIFIED.);
#155=B_SPLINE_CURVE_WITH_KNOTS('',3,(#4305,#4306,#4307,#4308,#4309,#4310,
#4311,#4312,#4313,#4314,#4315),.UNSPECIFIED.,.T.,.F.,(1,1,1,1,1,1,1,1,1,
1,1,1,1,1,1),(-0.00672688592572001,-0.00448459061714668,-0.00224229530857334,
0.,0.00224229530857334,0.00448459061714668,0.00672688592572001,0.00896918123429335,
0.0112114765428667,0.01345377185144,0.0156960671600134,0.0179383624685867,
0.02018065777716,0.0224229530857334,0.0246652483943067),.UNSPECIFIED.);
#156=B_SPLINE_CURVE_WITH_KNOTS('',3,(#4318,#4319,#4320,#4321,#4322,#4323,
#4324,#4325,#4326,#4327,#4328),.UNSPECIFIED.,.T.,.F.,(1,1,1,1,1,1,1,1,1,
1,1,1,1,1,1),(-0.00672688592572001,-0.00448459061714668,-0.00224229530857334,
0.,0.00224229530857334,0.00448459061714668,0.00672688592572001,0.00896918123429335,
0.0112114765428667,0.01345377185144,0.0156960671600134,0.0179383624685867,
0.02018065777716,0.0224229530857334,0.0246652483943067),.UNSPECIFIED.);
#157=B_SPLINE_CURVE_WITH_KNOTS('',3,(#4334,#4335,#4336,#4337,#4338,#4339,
#4340,#4341),.UNSPECIFIED.,.F.,.F.,(4,1,1,1,1,4),(0.,0.00223347565674443,
0.00446695131348885,0.0089339026269777,0.0134008539404666,0.0178678052539554),
 .UNSPECIFIED.);
#158=B_SPLINE_CURVE_WITH_KNOTS('',3,(#4345,#4346,#4347,#4348,#4349,#4350,
#4351,#4352),.UNSPECIFIED.,.F.,.F.,(4,1,1,1,1,4),(0.,0.00452504377425493,
0.00905008754850986,0.0135751313227648,0.0158376532098923,0.0181001750970197),
 .UNSPECIFIED.);
#159=B_SPLINE_CURVE_WITH_KNOTS('',3,(#4418,#4419,#4420,#4421,#4422,#4423,
#4424),.UNSPECIFIED.,.F.,.F.,(4,1,1,1,4),(0.,0.00278674240432638,0.00557348480865277,
0.00836022721297915,0.0111469696173055),.UNSPECIFIED.);
#160=B_SPLINE_CURVE_WITH_KNOTS('',3,(#4428,#4429,#4430,#4431,#4432,#4433,
#4434,#4435,#4436,#4437),.UNSPECIFIED.,.F.,.F.,(4,1,1,1,1,1,1,4),(0.,0.00506918192703581,
0.00760377289055372,0.0101383638540716,0.0126729548175895,0.0152075457811074,
0.0177421367446253,0.0202767277081432),.UNSPECIFIED.);
#161=B_SPLINE_CURVE_WITH_KNOTS('',3,(#4441,#4442,#4443,#4444,#4445,#4446,
#4447),.UNSPECIFIED.,.F.,.F.,(4,1,1,1,4),(0.,0.00273224940724336,0.00546449881448671,
0.00819674822173007,0.0109289976289734),.UNSPECIFIED.);
#162=B_SPLINE_CURVE_WITH_KNOTS('',3,(#4457,#4458,#4459,#4460,#4461,#4462,
#4463),.UNSPECIFIED.,.F.,.F.,(4,1,1,1,4),(0.,0.00248103557745511,0.00496207115491023,
0.00744310673236534,0.00992414230982045),.UNSPECIFIED.);
#163=B_SPLINE_CURVE_WITH_KNOTS('',3,(#4464,#4465,#4466,#4467,#4468,#4469,
#4470),.UNSPECIFIED.,.F.,.F.,(4,1,1,1,4),(0.,0.00259692583117373,0.00519385166234745,
0.00779077749352118,0.0103877033246949),.UNSPECIFIED.);
#164=B_SPLINE_CURVE_WITH_KNOTS('',3,(#4472,#4473,#4474,#4475,#4476,#4477,
#4478),.UNSPECIFIED.,.F.,.F.,(4,1,1,1,4),(0.,0.00248790968348267,0.00497581936696533,
0.007463729050448,0.00995163873393066),.UNSPECIFIED.);
#165=B_SPLINE_CURVE_WITH_KNOTS('',3,(#4479,#4480,#4481,#4482,#4483,#4484,
#4485),.UNSPECIFIED.,.F.,.F.,(4,1,1,1,4),(0.,0.00254183251100406,0.00508366502200813,
0.00762549753301219,0.0101673300440163),.UNSPECIFIED.);
#166=B_SPLINE_CURVE_WITH_KNOTS('',3,(#4487,#4488,#4489,#4490,#4491,#4492,
#4493),.UNSPECIFIED.,.F.,.F.,(4,1,1,1,4),(0.,0.00248103557745511,0.00496207115491022,
0.00744310673236534,0.00992414230982045),.UNSPECIFIED.);
#167=B_SPLINE_CURVE_WITH_KNOTS('',3,(#4494,#4495,#4496,#4497,#4498,#4499,
#4500),.UNSPECIFIED.,.F.,.F.,(4,1,1,1,4),(0.,0.00259692583117372,0.00519385166234745,
0.00779077749352117,0.0103877033246949),.UNSPECIFIED.);
#168=B_SPLINE_CURVE_WITH_KNOTS('',3,(#4502,#4503,#4504,#4505,#4506,#4507,
#4508),.UNSPECIFIED.,.F.,.F.,(4,1,1,1,4),(0.,0.00248790968348267,0.00497581936696533,
0.007463729050448,0.00995163873393066),.UNSPECIFIED.);
#169=B_SPLINE_CURVE_WITH_KNOTS('',3,(#4509,#4510,#4511,#4512,#4513,#4514,
#4515),.UNSPECIFIED.,.F.,.F.,(4,1,1,1,4),(0.,0.00254183251100406,0.00508366502200812,
0.00762549753301219,0.0101673300440162),.UNSPECIFIED.);
#170=B_SPLINE_CURVE_WITH_KNOTS('',3,(#4537,#4538,#4539,#4540),
 .UNSPECIFIED.,.F.,.F.,(4,4),(3.46944695195361E-18,0.00256262339857232),
 .UNSPECIFIED.);
#171=B_SPLINE_CURVE_WITH_KNOTS('',3,(#4598,#4599,#4600,#4601),
 .UNSPECIFIED.,.F.,.F.,(4,4),(0.,0.00256250022985894),.UNSPECIFIED.);
#172=B_SPLINE_CURVE_WITH_KNOTS('',3,(#4641,#4642,#4643,#4644),
 .UNSPECIFIED.,.F.,.F.,(4,4),(0.,0.00259077298445701),.UNSPECIFIED.);
#173=B_SPLINE_CURVE_WITH_KNOTS('',3,(#4696,#4697,#4698,#4699),
 .UNSPECIFIED.,.F.,.F.,(4,4),(0.,0.00256194737743605),.UNSPECIFIED.);
#174=B_SPLINE_CURVE_WITH_KNOTS('',3,(#4823,#4824,#4825,#4826),
 .UNSPECIFIED.,.F.,.F.,(4,4),(1.43942520964542E-17,0.00105580926012903),
 .UNSPECIFIED.);
#175=B_SPLINE_CURVE_WITH_KNOTS('',3,(#4932,#4933,#4934,#4935),
 .UNSPECIFIED.,.F.,.F.,(4,4),(1.25767452008319E-17,0.00105637575220523),
 .UNSPECIFIED.);
#176=B_SPLINE_CURVE_WITH_KNOTS('',3,(#4945,#4946,#4947,#4948),
 .UNSPECIFIED.,.F.,.F.,(4,4),(1.4304896245382E-17,0.00105581682003213),
 .UNSPECIFIED.);
#177=B_SPLINE_CURVE_WITH_KNOTS('',3,(#4976,#4977,#4978,#4979),
 .UNSPECIFIED.,.F.,.F.,(4,4),(0.,0.00105646261204943),.UNSPECIFIED.);
#178=CIRCLE('',#3006,6.38);
#179=CIRCLE('',#3007,6.38);
#180=CIRCLE('',#3008,6.38);
#181=CIRCLE('',#3009,6.38);
#182=CIRCLE('',#3011,6.38);
#183=CIRCLE('',#3012,6.38);
#184=CIRCLE('',#3013,6.38);
#185=CIRCLE('',#3014,6.38);
#186=CIRCLE('',#3016,0.67);
#187=CIRCLE('',#3018,108.585);
#188=CIRCLE('',#3019,109.255);
#189=CIRCLE('',#3020,0.67);
#190=CIRCLE('',#3022,109.255);
#191=CIRCLE('',#3023,108.585);
#192=CIRCLE('',#3024,0.67);
#193=CIRCLE('',#3026,0.67);
#194=CIRCLE('',#3029,118.075);
#195=CIRCLE('',#3030,109.255);
#196=CIRCLE('',#3032,118.075);
#197=CIRCLE('',#3033,109.255);
#198=CIRCLE('',#3035,118.745);
#199=CIRCLE('',#3036,118.745);
#200=CIRCLE('',#3037,118.745);
#201=CIRCLE('',#3038,118.745);
#202=CIRCLE('',#3040,0.635);
#203=CIRCLE('',#3041,0.635);
#204=CIRCLE('',#3043,0.635);
#205=CIRCLE('',#3044,0.635);
#206=CIRCLE('',#3046,0.635);
#207=CIRCLE('',#3047,0.635);
#208=CIRCLE('',#3049,0.635);
#209=CIRCLE('',#3050,0.635);
#210=CIRCLE('',#3052,2.8575);
#211=CIRCLE('',#3054,4.7625);
#212=CIRCLE('',#3057,2.8575);
#213=CIRCLE('',#3059,4.7625);
#214=CIRCLE('',#3063,108.585);
#215=CIRCLE('',#3064,108.585);
#216=CIRCLE('',#3065,108.585);
#217=CIRCLE('',#3066,108.585);
#218=CIRCLE('',#3068,108.585);
#219=CIRCLE('',#3069,108.585);
#220=CIRCLE('',#3071,2.8575);
#221=CIRCLE('',#3072,4.7625);
#222=CIRCLE('',#3074,2.8575);
#223=CIRCLE('',#3075,4.7625);
#224=CIRCLE('',#3080,118.075);
#225=CIRCLE('',#3081,109.255);
#226=CIRCLE('',#3083,118.075);
#227=CIRCLE('',#3084,109.255);
#228=CIRCLE('',#3089,118.075);
#229=CIRCLE('',#3090,118.075);
#230=CIRCLE('',#3091,109.255);
#231=CIRCLE('',#3092,1.33999999999999);
#232=CIRCLE('',#3094,1.34);
#233=CIRCLE('',#3095,109.255);
#234=CIRCLE('',#3096,118.075);
#235=CIRCLE('',#3097,118.075);
#236=CIRCLE('',#3099,118.745);
#237=CIRCLE('',#3100,118.745);
#238=CIRCLE('',#3101,118.745);
#239=CIRCLE('',#3102,118.745);
#240=CIRCLE('',#3107,0.67);
#241=CIRCLE('',#3109,0.67);
#242=CIRCLE('',#3110,0.67);
#243=CIRCLE('',#3112,0.67);
#244=CIRCLE('',#3114,0.67);
#245=CIRCLE('',#3115,0.67);
#246=CIRCLE('',#3117,0.67);
#247=CIRCLE('',#3118,0.67);
#248=CIRCLE('',#3120,0.67);
#249=CIRCLE('',#3121,0.67);
#250=CIRCLE('',#3124,0.670000000000002);
#251=CIRCLE('',#3125,0.670000000000002);
#252=CIRCLE('',#3127,0.670000000000002);
#253=CIRCLE('',#3129,0.670000000000002);
#254=CIRCLE('',#3131,0.67);
#255=CIRCLE('',#3133,0.67);
#256=CIRCLE('',#3134,0.67);
#257=CIRCLE('',#3136,0.67);
#258=CIRCLE('',#3138,0.669999999999996);
#259=CIRCLE('',#3139,0.669999999999996);
#260=CIRCLE('',#3140,0.669999999999996);
#261=CIRCLE('',#3141,0.669999999999996);
#262=CIRCLE('',#3143,0.669999999999996);
#263=CIRCLE('',#3145,0.669999999999996);
#264=CIRCLE('',#3146,0.67);
#265=CIRCLE('',#3148,0.67);
#266=CIRCLE('',#3150,0.67);
#267=CIRCLE('',#3151,0.67);
#268=CIRCLE('',#3153,0.670000000000002);
#269=CIRCLE('',#3156,0.67);
#270=CIRCLE('',#3157,0.67);
#271=CIRCLE('',#3160,0.670000000000001);
#272=CIRCLE('',#3161,0.670000000000001);
#273=CIRCLE('',#3163,0.670000000000001);
#274=CIRCLE('',#3165,0.670000000000001);
#275=CIRCLE('',#3167,0.670000000000001);
#276=CIRCLE('',#3169,0.670000000000001);
#277=CIRCLE('',#3170,0.669999999999996);
#278=CIRCLE('',#3171,0.669999999999996);
#279=CIRCLE('',#3173,0.669999999999996);
#280=CIRCLE('',#3175,0.669999999999996);
#281=CIRCLE('',#3176,0.669999999999996);
#282=CIRCLE('',#3177,0.669999999999996);
#283=CIRCLE('',#3180,0.669999999999992);
#284=CIRCLE('',#3182,0.669999999999992);
#285=CIRCLE('',#3184,0.669999999999992);
#286=CIRCLE('',#3186,0.669999999999992);
#287=CIRCLE('',#3189,0.669999999999993);
#288=CIRCLE('',#3191,0.669999999999999);
#289=CIRCLE('',#3193,0.669999999999999);
#290=CIRCLE('',#3194,0.669999999999999);
#291=CIRCLE('',#3196,0.669999999999999);
#292=CIRCLE('',#3202,5.71);
#293=CIRCLE('',#3203,5.71);
#294=CIRCLE('',#3205,5.71);
#295=CIRCLE('',#3206,5.71);
#296=CIRCLE('',#3208,5.71);
#297=CIRCLE('',#3209,5.71);
#298=CIRCLE('',#3211,5.71);
#299=CIRCLE('',#3212,5.71);
#300=CIRCLE('',#3214,0.67);
#301=CIRCLE('',#3215,0.67);
#302=CIRCLE('',#3217,0.67);
#303=CIRCLE('',#3219,0.67);
#304=CIRCLE('',#3221,0.67);
#305=CIRCLE('',#3223,0.67);
#306=CIRCLE('',#3225,0.67);
#307=CIRCLE('',#3227,0.67);
#308=CIRCLE('',#3230,0.669999999999998);
#309=CIRCLE('',#3231,0.669999999999998);
#310=CIRCLE('',#3233,0.669999999999998);
#311=CIRCLE('',#3235,0.669999999999998);
#312=CIRCLE('',#3237,0.669999999999998);
#313=CIRCLE('',#3239,0.669999999999998);
#314=CIRCLE('',#3241,0.669999999999998);
#315=CIRCLE('',#3243,0.669999999999998);
#316=ORIENTED_EDGE('',*,*,#904,.F.);
#317=ORIENTED_EDGE('',*,*,#905,.T.);
#318=ORIENTED_EDGE('',*,*,#906,.T.);
#319=ORIENTED_EDGE('',*,*,#907,.T.);
#320=ORIENTED_EDGE('',*,*,#908,.F.);
#321=ORIENTED_EDGE('',*,*,#909,.T.);
#322=ORIENTED_EDGE('',*,*,#910,.T.);
#323=ORIENTED_EDGE('',*,*,#911,.T.);
#324=ORIENTED_EDGE('',*,*,#912,.T.);
#325=ORIENTED_EDGE('',*,*,#913,.T.);
#326=ORIENTED_EDGE('',*,*,#914,.T.);
#327=ORIENTED_EDGE('',*,*,#915,.T.);
#328=ORIENTED_EDGE('',*,*,#916,.T.);
#329=ORIENTED_EDGE('',*,*,#917,.T.);
#330=ORIENTED_EDGE('',*,*,#918,.T.);
#331=ORIENTED_EDGE('',*,*,#919,.T.);
#332=ORIENTED_EDGE('',*,*,#920,.T.);
#333=ORIENTED_EDGE('',*,*,#921,.T.);
#334=ORIENTED_EDGE('',*,*,#922,.T.);
#335=ORIENTED_EDGE('',*,*,#923,.T.);
#336=ORIENTED_EDGE('',*,*,#924,.T.);
#337=ORIENTED_EDGE('',*,*,#925,.T.);
#338=ORIENTED_EDGE('',*,*,#926,.T.);
#339=ORIENTED_EDGE('',*,*,#927,.T.);
#340=ORIENTED_EDGE('',*,*,#928,.T.);
#341=ORIENTED_EDGE('',*,*,#929,.T.);
#342=ORIENTED_EDGE('',*,*,#930,.T.);
#343=ORIENTED_EDGE('',*,*,#931,.T.);
#344=ORIENTED_EDGE('',*,*,#932,.T.);
#345=ORIENTED_EDGE('',*,*,#933,.T.);
#346=ORIENTED_EDGE('',*,*,#934,.T.);
#347=ORIENTED_EDGE('',*,*,#935,.T.);
#348=ORIENTED_EDGE('',*,*,#936,.T.);
#349=ORIENTED_EDGE('',*,*,#937,.T.);
#350=ORIENTED_EDGE('',*,*,#938,.T.);
#351=ORIENTED_EDGE('',*,*,#939,.T.);
#352=ORIENTED_EDGE('',*,*,#940,.T.);
#353=ORIENTED_EDGE('',*,*,#941,.T.);
#354=ORIENTED_EDGE('',*,*,#942,.T.);
#355=ORIENTED_EDGE('',*,*,#943,.T.);
#356=ORIENTED_EDGE('',*,*,#944,.T.);
#357=ORIENTED_EDGE('',*,*,#945,.T.);
#358=ORIENTED_EDGE('',*,*,#946,.T.);
#359=ORIENTED_EDGE('',*,*,#947,.T.);
#360=ORIENTED_EDGE('',*,*,#948,.F.);
#361=ORIENTED_EDGE('',*,*,#949,.T.);
#362=ORIENTED_EDGE('',*,*,#931,.F.);
#363=ORIENTED_EDGE('',*,*,#950,.F.);
#364=ORIENTED_EDGE('',*,*,#951,.F.);
#365=ORIENTED_EDGE('',*,*,#952,.T.);
#366=ORIENTED_EDGE('',*,*,#953,.F.);
#367=ORIENTED_EDGE('',*,*,#954,.T.);
#368=ORIENTED_EDGE('',*,*,#955,.F.);
#369=ORIENTED_EDGE('',*,*,#956,.T.);
#370=ORIENTED_EDGE('',*,*,#957,.F.);
#371=ORIENTED_EDGE('',*,*,#958,.T.);
#372=ORIENTED_EDGE('',*,*,#923,.F.);
#373=ORIENTED_EDGE('',*,*,#959,.T.);
#374=ORIENTED_EDGE('',*,*,#960,.F.);
#375=ORIENTED_EDGE('',*,*,#961,.F.);
#376=ORIENTED_EDGE('',*,*,#962,.F.);
#377=ORIENTED_EDGE('',*,*,#963,.F.);
#378=ORIENTED_EDGE('',*,*,#964,.F.);
#379=ORIENTED_EDGE('',*,*,#965,.F.);
#380=ORIENTED_EDGE('',*,*,#966,.F.);
#381=ORIENTED_EDGE('',*,*,#967,.F.);
#382=ORIENTED_EDGE('',*,*,#968,.F.);
#383=ORIENTED_EDGE('',*,*,#969,.F.);
#384=ORIENTED_EDGE('',*,*,#970,.F.);
#385=ORIENTED_EDGE('',*,*,#971,.T.);
#386=ORIENTED_EDGE('',*,*,#972,.T.);
#387=ORIENTED_EDGE('',*,*,#973,.T.);
#388=ORIENTED_EDGE('',*,*,#974,.T.);
#389=ORIENTED_EDGE('',*,*,#975,.T.);
#390=ORIENTED_EDGE('',*,*,#976,.F.);
#391=ORIENTED_EDGE('',*,*,#977,.T.);
#392=ORIENTED_EDGE('',*,*,#978,.T.);
#393=ORIENTED_EDGE('',*,*,#979,.T.);
#394=ORIENTED_EDGE('',*,*,#980,.T.);
#395=ORIENTED_EDGE('',*,*,#981,.T.);
#396=ORIENTED_EDGE('',*,*,#982,.T.);
#397=ORIENTED_EDGE('',*,*,#983,.T.);
#398=ORIENTED_EDGE('',*,*,#984,.F.);
#399=ORIENTED_EDGE('',*,*,#985,.T.);
#400=ORIENTED_EDGE('',*,*,#986,.T.);
#401=ORIENTED_EDGE('',*,*,#987,.T.);
#402=ORIENTED_EDGE('',*,*,#988,.T.);
#403=ORIENTED_EDGE('',*,*,#989,.T.);
#404=ORIENTED_EDGE('',*,*,#990,.T.);
#405=ORIENTED_EDGE('',*,*,#991,.T.);
#406=ORIENTED_EDGE('',*,*,#969,.T.);
#407=ORIENTED_EDGE('',*,*,#992,.T.);
#408=ORIENTED_EDGE('',*,*,#965,.T.);
#409=ORIENTED_EDGE('',*,*,#993,.T.);
#410=ORIENTED_EDGE('',*,*,#984,.T.);
#411=ORIENTED_EDGE('',*,*,#994,.T.);
#412=ORIENTED_EDGE('',*,*,#967,.T.);
#413=ORIENTED_EDGE('',*,*,#995,.T.);
#414=ORIENTED_EDGE('',*,*,#996,.T.);
#415=ORIENTED_EDGE('',*,*,#997,.T.);
#416=ORIENTED_EDGE('',*,*,#963,.T.);
#417=ORIENTED_EDGE('',*,*,#998,.T.);
#418=ORIENTED_EDGE('',*,*,#999,.T.);
#419=ORIENTED_EDGE('',*,*,#1000,.T.);
#420=ORIENTED_EDGE('',*,*,#988,.F.);
#421=ORIENTED_EDGE('',*,*,#1001,.F.);
#422=ORIENTED_EDGE('',*,*,#1002,.T.);
#423=ORIENTED_EDGE('',*,*,#1003,.F.);
#424=ORIENTED_EDGE('',*,*,#1001,.T.);
#425=ORIENTED_EDGE('',*,*,#1002,.F.);
#426=ORIENTED_EDGE('',*,*,#989,.F.);
#427=ORIENTED_EDGE('',*,*,#1004,.F.);
#428=ORIENTED_EDGE('',*,*,#1005,.T.);
#429=ORIENTED_EDGE('',*,*,#1006,.F.);
#430=ORIENTED_EDGE('',*,*,#1004,.T.);
#431=ORIENTED_EDGE('',*,*,#1005,.F.);
#432=ORIENTED_EDGE('',*,*,#976,.T.);
#433=ORIENTED_EDGE('',*,*,#1007,.T.);
#434=ORIENTED_EDGE('',*,*,#970,.T.);
#435=ORIENTED_EDGE('',*,*,#1008,.T.);
#436=ORIENTED_EDGE('',*,*,#1009,.T.);
#437=ORIENTED_EDGE('',*,*,#1010,.T.);
#438=ORIENTED_EDGE('',*,*,#990,.F.);
#439=ORIENTED_EDGE('',*,*,#1011,.T.);
#440=ORIENTED_EDGE('',*,*,#1012,.T.);
#441=ORIENTED_EDGE('',*,*,#1013,.T.);
#442=ORIENTED_EDGE('',*,*,#1014,.T.);
#443=ORIENTED_EDGE('',*,*,#1015,.T.);
#444=ORIENTED_EDGE('',*,*,#1016,.T.);
#445=ORIENTED_EDGE('',*,*,#1017,.T.);
#446=ORIENTED_EDGE('',*,*,#1003,.T.);
#447=ORIENTED_EDGE('',*,*,#1006,.T.);
#448=ORIENTED_EDGE('',*,*,#957,.T.);
#449=ORIENTED_EDGE('',*,*,#1018,.T.);
#450=ORIENTED_EDGE('',*,*,#1019,.T.);
#451=ORIENTED_EDGE('',*,*,#1020,.T.);
#452=ORIENTED_EDGE('',*,*,#1021,.T.);
#453=ORIENTED_EDGE('',*,*,#1022,.T.);
#454=ORIENTED_EDGE('',*,*,#1023,.T.);
#455=ORIENTED_EDGE('',*,*,#1024,.T.);
#456=ORIENTED_EDGE('',*,*,#951,.T.);
#457=ORIENTED_EDGE('',*,*,#1025,.T.);
#458=ORIENTED_EDGE('',*,*,#1026,.T.);
#459=ORIENTED_EDGE('',*,*,#1027,.T.);
#460=ORIENTED_EDGE('',*,*,#1028,.F.);
#461=ORIENTED_EDGE('',*,*,#1029,.T.);
#462=ORIENTED_EDGE('',*,*,#1030,.F.);
#463=ORIENTED_EDGE('',*,*,#1031,.T.);
#464=ORIENTED_EDGE('',*,*,#1032,.F.);
#465=ORIENTED_EDGE('',*,*,#1028,.T.);
#466=ORIENTED_EDGE('',*,*,#1033,.F.);
#467=ORIENTED_EDGE('',*,*,#1030,.T.);
#468=ORIENTED_EDGE('',*,*,#1034,.T.);
#469=ORIENTED_EDGE('',*,*,#1035,.T.);
#470=ORIENTED_EDGE('',*,*,#1036,.T.);
#471=ORIENTED_EDGE('',*,*,#1037,.T.);
#472=ORIENTED_EDGE('',*,*,#1038,.T.);
#473=ORIENTED_EDGE('',*,*,#1039,.T.);
#474=ORIENTED_EDGE('',*,*,#1034,.F.);
#475=ORIENTED_EDGE('',*,*,#1040,.T.);
#476=ORIENTED_EDGE('',*,*,#1036,.F.);
#477=ORIENTED_EDGE('',*,*,#1041,.T.);
#478=ORIENTED_EDGE('',*,*,#1042,.T.);
#479=ORIENTED_EDGE('',*,*,#1043,.T.);
#480=ORIENTED_EDGE('',*,*,#1029,.F.);
#481=ORIENTED_EDGE('',*,*,#1026,.F.);
#482=ORIENTED_EDGE('',*,*,#1031,.F.);
#483=ORIENTED_EDGE('',*,*,#1027,.F.);
#484=ORIENTED_EDGE('',*,*,#1044,.T.);
#485=ORIENTED_EDGE('',*,*,#1045,.T.);
#486=ORIENTED_EDGE('',*,*,#1046,.T.);
#487=ORIENTED_EDGE('',*,*,#1047,.T.);
#488=ORIENTED_EDGE('',*,*,#1048,.F.);
#489=ORIENTED_EDGE('',*,*,#1049,.F.);
#490=ORIENTED_EDGE('',*,*,#1050,.F.);
#491=ORIENTED_EDGE('',*,*,#1051,.F.);
#492=ORIENTED_EDGE('',*,*,#960,.T.);
#493=ORIENTED_EDGE('',*,*,#955,.T.);
#494=ORIENTED_EDGE('',*,*,#1052,.T.);
#495=ORIENTED_EDGE('',*,*,#1053,.T.);
#496=ORIENTED_EDGE('',*,*,#1054,.T.);
#497=ORIENTED_EDGE('',*,*,#1055,.T.);
#498=ORIENTED_EDGE('',*,*,#999,.F.);
#499=ORIENTED_EDGE('',*,*,#1056,.T.);
#500=ORIENTED_EDGE('',*,*,#1057,.F.);
#501=ORIENTED_EDGE('',*,*,#1058,.F.);
#502=ORIENTED_EDGE('',*,*,#1059,.F.);
#503=ORIENTED_EDGE('',*,*,#1060,.F.);
#504=ORIENTED_EDGE('',*,*,#1061,.F.);
#505=ORIENTED_EDGE('',*,*,#953,.T.);
#506=ORIENTED_EDGE('',*,*,#948,.T.);
#507=ORIENTED_EDGE('',*,*,#1062,.F.);
#508=ORIENTED_EDGE('',*,*,#1063,.T.);
#509=ORIENTED_EDGE('',*,*,#996,.F.);
#510=ORIENTED_EDGE('',*,*,#1064,.T.);
#511=ORIENTED_EDGE('',*,*,#1065,.T.);
#512=ORIENTED_EDGE('',*,*,#1066,.T.);
#513=ORIENTED_EDGE('',*,*,#1067,.T.);
#514=ORIENTED_EDGE('',*,*,#1068,.T.);
#515=ORIENTED_EDGE('',*,*,#1069,.T.);
#516=ORIENTED_EDGE('',*,*,#1070,.T.);
#517=ORIENTED_EDGE('',*,*,#1071,.T.);
#518=ORIENTED_EDGE('',*,*,#1072,.T.);
#519=ORIENTED_EDGE('',*,*,#1073,.T.);
#520=ORIENTED_EDGE('',*,*,#1033,.T.);
#521=ORIENTED_EDGE('',*,*,#1032,.T.);
#522=ORIENTED_EDGE('',*,*,#1074,.T.);
#523=ORIENTED_EDGE('',*,*,#1075,.T.);
#524=ORIENTED_EDGE('',*,*,#1076,.T.);
#525=ORIENTED_EDGE('',*,*,#1077,.T.);
#526=ORIENTED_EDGE('',*,*,#1042,.F.);
#527=ORIENTED_EDGE('',*,*,#1078,.T.);
#528=ORIENTED_EDGE('',*,*,#934,.F.);
#529=ORIENTED_EDGE('',*,*,#1079,.T.);
#530=ORIENTED_EDGE('',*,*,#920,.F.);
#531=ORIENTED_EDGE('',*,*,#1080,.T.);
#532=ORIENTED_EDGE('',*,*,#1038,.F.);
#533=ORIENTED_EDGE('',*,*,#1081,.T.);
#534=ORIENTED_EDGE('',*,*,#972,.F.);
#535=ORIENTED_EDGE('',*,*,#1082,.T.);
#536=ORIENTED_EDGE('',*,*,#926,.F.);
#537=ORIENTED_EDGE('',*,*,#1083,.T.);
#538=ORIENTED_EDGE('',*,*,#928,.F.);
#539=ORIENTED_EDGE('',*,*,#1084,.T.);
#540=ORIENTED_EDGE('',*,*,#974,.F.);
#541=ORIENTED_EDGE('',*,*,#1085,.T.);
#542=ORIENTED_EDGE('',*,*,#1079,.F.);
#543=ORIENTED_EDGE('',*,*,#1086,.T.);
#544=ORIENTED_EDGE('',*,*,#1023,.F.);
#545=ORIENTED_EDGE('',*,*,#1087,.F.);
#546=ORIENTED_EDGE('',*,*,#1087,.T.);
#547=ORIENTED_EDGE('',*,*,#1022,.F.);
#548=ORIENTED_EDGE('',*,*,#1088,.F.);
#549=ORIENTED_EDGE('',*,*,#1043,.F.);
#550=ORIENTED_EDGE('',*,*,#1088,.T.);
#551=ORIENTED_EDGE('',*,*,#1021,.F.);
#552=ORIENTED_EDGE('',*,*,#1089,.F.);
#553=ORIENTED_EDGE('',*,*,#1037,.F.);
#554=ORIENTED_EDGE('',*,*,#1089,.T.);
#555=ORIENTED_EDGE('',*,*,#1020,.F.);
#556=ORIENTED_EDGE('',*,*,#1090,.F.);
#557=ORIENTED_EDGE('',*,*,#1040,.F.);
#558=ORIENTED_EDGE('',*,*,#1019,.F.);
#559=ORIENTED_EDGE('',*,*,#1091,.T.);
#560=ORIENTED_EDGE('',*,*,#1081,.F.);
#561=ORIENTED_EDGE('',*,*,#1090,.T.);
#562=ORIENTED_EDGE('',*,*,#1044,.F.);
#563=ORIENTED_EDGE('',*,*,#1092,.T.);
#564=ORIENTED_EDGE('',*,*,#1077,.F.);
#565=ORIENTED_EDGE('',*,*,#1093,.T.);
#566=ORIENTED_EDGE('',*,*,#1046,.F.);
#567=ORIENTED_EDGE('',*,*,#1094,.T.);
#568=ORIENTED_EDGE('',*,*,#1025,.F.);
#569=ORIENTED_EDGE('',*,*,#1095,.F.);
#570=ORIENTED_EDGE('',*,*,#1067,.F.);
#571=ORIENTED_EDGE('',*,*,#1096,.T.);
#572=ORIENTED_EDGE('',*,*,#1047,.F.);
#573=ORIENTED_EDGE('',*,*,#1097,.F.);
#574=ORIENTED_EDGE('',*,*,#1097,.T.);
#575=ORIENTED_EDGE('',*,*,#1095,.T.);
#576=ORIENTED_EDGE('',*,*,#954,.F.);
#577=ORIENTED_EDGE('',*,*,#1076,.F.);
#578=ORIENTED_EDGE('',*,*,#1098,.T.);
#579=ORIENTED_EDGE('',*,*,#1053,.F.);
#580=ORIENTED_EDGE('',*,*,#1099,.F.);
#581=ORIENTED_EDGE('',*,*,#1093,.F.);
#582=ORIENTED_EDGE('',*,*,#1099,.T.);
#583=ORIENTED_EDGE('',*,*,#1100,.F.);
#584=ORIENTED_EDGE('',*,*,#1101,.F.);
#585=ORIENTED_EDGE('',*,*,#1045,.F.);
#586=ORIENTED_EDGE('',*,*,#1100,.T.);
#587=ORIENTED_EDGE('',*,*,#1052,.F.);
#588=ORIENTED_EDGE('',*,*,#1101,.T.);
#589=ORIENTED_EDGE('',*,*,#958,.F.);
#590=ORIENTED_EDGE('',*,*,#1094,.F.);
#591=ORIENTED_EDGE('',*,*,#1013,.F.);
#592=ORIENTED_EDGE('',*,*,#1102,.T.);
#593=ORIENTED_EDGE('',*,*,#1085,.F.);
#594=ORIENTED_EDGE('',*,*,#1103,.F.);
#595=ORIENTED_EDGE('',*,*,#1103,.T.);
#596=ORIENTED_EDGE('',*,*,#977,.F.);
#597=ORIENTED_EDGE('',*,*,#1104,.F.);
#598=ORIENTED_EDGE('',*,*,#1014,.F.);
#599=ORIENTED_EDGE('',*,*,#1104,.T.);
#600=ORIENTED_EDGE('',*,*,#1008,.F.);
#601=ORIENTED_EDGE('',*,*,#1105,.F.);
#602=ORIENTED_EDGE('',*,*,#1015,.F.);
#603=ORIENTED_EDGE('',*,*,#1105,.T.);
#604=ORIENTED_EDGE('',*,*,#973,.F.);
#605=ORIENTED_EDGE('',*,*,#1106,.F.);
#606=ORIENTED_EDGE('',*,*,#1016,.F.);
#607=ORIENTED_EDGE('',*,*,#1083,.F.);
#608=ORIENTED_EDGE('',*,*,#1107,.T.);
#609=ORIENTED_EDGE('',*,*,#1017,.F.);
#610=ORIENTED_EDGE('',*,*,#1106,.T.);
#611=ORIENTED_EDGE('',*,*,#1108,.F.);
#612=ORIENTED_EDGE('',*,*,#1039,.F.);
#613=ORIENTED_EDGE('',*,*,#1109,.F.);
#614=ORIENTED_EDGE('',*,*,#1072,.F.);
#615=ORIENTED_EDGE('',*,*,#1109,.T.);
#616=ORIENTED_EDGE('',*,*,#1080,.F.);
#617=ORIENTED_EDGE('',*,*,#1110,.F.);
#618=ORIENTED_EDGE('',*,*,#1073,.F.);
#619=ORIENTED_EDGE('',*,*,#1108,.T.);
#620=ORIENTED_EDGE('',*,*,#1071,.F.);
#621=ORIENTED_EDGE('',*,*,#1111,.F.);
#622=ORIENTED_EDGE('',*,*,#1035,.F.);
#623=ORIENTED_EDGE('',*,*,#1110,.T.);
#624=ORIENTED_EDGE('',*,*,#935,.F.);
#625=ORIENTED_EDGE('',*,*,#1112,.F.);
#626=ORIENTED_EDGE('',*,*,#1068,.F.);
#627=ORIENTED_EDGE('',*,*,#1111,.T.);
#628=ORIENTED_EDGE('',*,*,#1070,.F.);
#629=ORIENTED_EDGE('',*,*,#1113,.F.);
#630=ORIENTED_EDGE('',*,*,#1041,.F.);
#631=ORIENTED_EDGE('',*,*,#1112,.T.);
#632=ORIENTED_EDGE('',*,*,#1078,.F.);
#633=ORIENTED_EDGE('',*,*,#1113,.T.);
#634=ORIENTED_EDGE('',*,*,#1069,.F.);
#635=ORIENTED_EDGE('',*,*,#1107,.F.);
#636=ORIENTED_EDGE('',*,*,#925,.F.);
#637=ORIENTED_EDGE('',*,*,#1114,.F.);
#638=ORIENTED_EDGE('',*,*,#1114,.T.);
#639=ORIENTED_EDGE('',*,*,#924,.F.);
#640=ORIENTED_EDGE('',*,*,#1115,.F.);
#641=ORIENTED_EDGE('',*,*,#1009,.F.);
#642=ORIENTED_EDGE('',*,*,#1116,.T.);
#643=ORIENTED_EDGE('',*,*,#930,.F.);
#644=ORIENTED_EDGE('',*,*,#1117,.F.);
#645=ORIENTED_EDGE('',*,*,#1012,.F.);
#646=ORIENTED_EDGE('',*,*,#929,.F.);
#647=ORIENTED_EDGE('',*,*,#1102,.F.);
#648=ORIENTED_EDGE('',*,*,#1117,.T.);
#649=ORIENTED_EDGE('',*,*,#968,.T.);
#650=ORIENTED_EDGE('',*,*,#997,.F.);
#651=ORIENTED_EDGE('',*,*,#1118,.F.);
#652=ORIENTED_EDGE('',*,*,#992,.F.);
#653=ORIENTED_EDGE('',*,*,#1118,.T.);
#654=ORIENTED_EDGE('',*,*,#1063,.F.);
#655=ORIENTED_EDGE('',*,*,#1119,.F.);
#656=ORIENTED_EDGE('',*,*,#1011,.F.);
#657=ORIENTED_EDGE('',*,*,#1116,.F.);
#658=ORIENTED_EDGE('',*,*,#1119,.T.);
#659=ORIENTED_EDGE('',*,*,#1062,.T.);
#660=ORIENTED_EDGE('',*,*,#950,.T.);
#661=ORIENTED_EDGE('',*,*,#1066,.F.);
#662=ORIENTED_EDGE('',*,*,#1120,.T.);
#663=ORIENTED_EDGE('',*,*,#1074,.F.);
#664=ORIENTED_EDGE('',*,*,#1121,.F.);
#665=ORIENTED_EDGE('',*,*,#1121,.T.);
#666=ORIENTED_EDGE('',*,*,#1092,.F.);
#667=ORIENTED_EDGE('',*,*,#1096,.F.);
#668=ORIENTED_EDGE('',*,*,#1065,.F.);
#669=ORIENTED_EDGE('',*,*,#1122,.T.);
#670=ORIENTED_EDGE('',*,*,#944,.F.);
#671=ORIENTED_EDGE('',*,*,#1123,.F.);
#672=ORIENTED_EDGE('',*,*,#1120,.F.);
#673=ORIENTED_EDGE('',*,*,#1123,.T.);
#674=ORIENTED_EDGE('',*,*,#1124,.F.);
#675=ORIENTED_EDGE('',*,*,#1125,.F.);
#676=ORIENTED_EDGE('',*,*,#1075,.F.);
#677=ORIENTED_EDGE('',*,*,#1124,.T.);
#678=ORIENTED_EDGE('',*,*,#947,.F.);
#679=ORIENTED_EDGE('',*,*,#1098,.F.);
#680=ORIENTED_EDGE('',*,*,#1125,.T.);
#681=ORIENTED_EDGE('',*,*,#1126,.F.);
#682=ORIENTED_EDGE('',*,*,#946,.F.);
#683=ORIENTED_EDGE('',*,*,#1127,.T.);
#684=ORIENTED_EDGE('',*,*,#1054,.F.);
#685=ORIENTED_EDGE('',*,*,#1126,.T.);
#686=ORIENTED_EDGE('',*,*,#1128,.F.);
#687=ORIENTED_EDGE('',*,*,#1007,.F.);
#688=ORIENTED_EDGE('',*,*,#1129,.F.);
#689=ORIENTED_EDGE('',*,*,#982,.F.);
#690=ORIENTED_EDGE('',*,*,#1129,.T.);
#691=ORIENTED_EDGE('',*,*,#975,.F.);
#692=ORIENTED_EDGE('',*,*,#1130,.F.);
#693=ORIENTED_EDGE('',*,*,#983,.F.);
#694=ORIENTED_EDGE('',*,*,#1128,.T.);
#695=ORIENTED_EDGE('',*,*,#981,.F.);
#696=ORIENTED_EDGE('',*,*,#1131,.F.);
#697=ORIENTED_EDGE('',*,*,#971,.F.);
#698=ORIENTED_EDGE('',*,*,#1130,.T.);
#699=ORIENTED_EDGE('',*,*,#1084,.F.);
#700=ORIENTED_EDGE('',*,*,#1132,.F.);
#701=ORIENTED_EDGE('',*,*,#978,.F.);
#702=ORIENTED_EDGE('',*,*,#1131,.T.);
#703=ORIENTED_EDGE('',*,*,#980,.F.);
#704=ORIENTED_EDGE('',*,*,#1133,.F.);
#705=ORIENTED_EDGE('',*,*,#1082,.F.);
#706=ORIENTED_EDGE('',*,*,#1132,.T.);
#707=ORIENTED_EDGE('',*,*,#927,.F.);
#708=ORIENTED_EDGE('',*,*,#1133,.T.);
#709=ORIENTED_EDGE('',*,*,#979,.F.);
#710=ORIENTED_EDGE('',*,*,#966,.T.);
#711=ORIENTED_EDGE('',*,*,#994,.F.);
#712=ORIENTED_EDGE('',*,*,#1134,.F.);
#713=ORIENTED_EDGE('',*,*,#995,.F.);
#714=ORIENTED_EDGE('',*,*,#1135,.F.);
#715=ORIENTED_EDGE('',*,*,#1064,.F.);
#716=ORIENTED_EDGE('',*,*,#1134,.T.);
#717=ORIENTED_EDGE('',*,*,#987,.F.);
#718=ORIENTED_EDGE('',*,*,#1122,.F.);
#719=ORIENTED_EDGE('',*,*,#1135,.T.);
#720=ORIENTED_EDGE('',*,*,#1136,.F.);
#721=ORIENTED_EDGE('',*,*,#1137,.F.);
#722=ORIENTED_EDGE('',*,*,#945,.F.);
#723=ORIENTED_EDGE('',*,*,#1136,.T.);
#724=ORIENTED_EDGE('',*,*,#986,.F.);
#725=ORIENTED_EDGE('',*,*,#1127,.F.);
#726=ORIENTED_EDGE('',*,*,#1137,.T.);
#727=ORIENTED_EDGE('',*,*,#1138,.F.);
#728=ORIENTED_EDGE('',*,*,#1138,.T.);
#729=ORIENTED_EDGE('',*,*,#985,.F.);
#730=ORIENTED_EDGE('',*,*,#1139,.F.);
#731=ORIENTED_EDGE('',*,*,#1055,.F.);
#732=ORIENTED_EDGE('',*,*,#993,.F.);
#733=ORIENTED_EDGE('',*,*,#964,.T.);
#734=ORIENTED_EDGE('',*,*,#1000,.F.);
#735=ORIENTED_EDGE('',*,*,#1139,.T.);
#736=ORIENTED_EDGE('',*,*,#962,.T.);
#737=ORIENTED_EDGE('',*,*,#991,.F.);
#738=ORIENTED_EDGE('',*,*,#1140,.F.);
#739=ORIENTED_EDGE('',*,*,#998,.F.);
#740=ORIENTED_EDGE('',*,*,#1140,.T.);
#741=ORIENTED_EDGE('',*,*,#1010,.F.);
#742=ORIENTED_EDGE('',*,*,#1141,.F.);
#743=ORIENTED_EDGE('',*,*,#1056,.F.);
#744=ORIENTED_EDGE('',*,*,#1057,.T.);
#745=ORIENTED_EDGE('',*,*,#1141,.T.);
#746=ORIENTED_EDGE('',*,*,#1115,.T.);
#747=ORIENTED_EDGE('',*,*,#961,.T.);
#748=ORIENTED_EDGE('',*,*,#1086,.F.);
#749=ORIENTED_EDGE('',*,*,#933,.F.);
#750=ORIENTED_EDGE('',*,*,#1142,.F.);
#751=ORIENTED_EDGE('',*,*,#1142,.T.);
#752=ORIENTED_EDGE('',*,*,#932,.F.);
#753=ORIENTED_EDGE('',*,*,#1143,.F.);
#754=ORIENTED_EDGE('',*,*,#1024,.F.);
#755=ORIENTED_EDGE('',*,*,#949,.F.);
#756=ORIENTED_EDGE('',*,*,#952,.F.);
#757=ORIENTED_EDGE('',*,*,#1143,.T.);
#758=ORIENTED_EDGE('',*,*,#921,.F.);
#759=ORIENTED_EDGE('',*,*,#1091,.F.);
#760=ORIENTED_EDGE('',*,*,#1144,.F.);
#761=ORIENTED_EDGE('',*,*,#1144,.T.);
#762=ORIENTED_EDGE('',*,*,#1018,.F.);
#763=ORIENTED_EDGE('',*,*,#1145,.F.);
#764=ORIENTED_EDGE('',*,*,#922,.F.);
#765=ORIENTED_EDGE('',*,*,#956,.F.);
#766=ORIENTED_EDGE('',*,*,#959,.F.);
#767=ORIENTED_EDGE('',*,*,#1145,.T.);
#768=ORIENTED_EDGE('',*,*,#1146,.T.);
#769=ORIENTED_EDGE('',*,*,#1147,.T.);
#770=ORIENTED_EDGE('',*,*,#1148,.T.);
#771=ORIENTED_EDGE('',*,*,#1149,.T.);
#772=ORIENTED_EDGE('',*,*,#1150,.F.);
#773=ORIENTED_EDGE('',*,*,#1151,.T.);
#774=ORIENTED_EDGE('',*,*,#1152,.T.);
#775=ORIENTED_EDGE('',*,*,#1153,.T.);
#776=ORIENTED_EDGE('',*,*,#1154,.T.);
#777=ORIENTED_EDGE('',*,*,#1155,.T.);
#778=ORIENTED_EDGE('',*,*,#1156,.T.);
#779=ORIENTED_EDGE('',*,*,#1157,.T.);
#780=ORIENTED_EDGE('',*,*,#1158,.F.);
#781=ORIENTED_EDGE('',*,*,#1159,.T.);
#782=ORIENTED_EDGE('',*,*,#1160,.T.);
#783=ORIENTED_EDGE('',*,*,#1161,.T.);
#784=ORIENTED_EDGE('',*,*,#1153,.F.);
#785=ORIENTED_EDGE('',*,*,#1162,.T.);
#786=ORIENTED_EDGE('',*,*,#1146,.F.);
#787=ORIENTED_EDGE('',*,*,#1163,.T.);
#788=ORIENTED_EDGE('',*,*,#905,.F.);
#789=ORIENTED_EDGE('',*,*,#1164,.T.);
#790=ORIENTED_EDGE('',*,*,#1148,.F.);
#791=ORIENTED_EDGE('',*,*,#1165,.T.);
#792=ORIENTED_EDGE('',*,*,#1159,.F.);
#793=ORIENTED_EDGE('',*,*,#1166,.F.);
#794=ORIENTED_EDGE('',*,*,#911,.F.);
#795=ORIENTED_EDGE('',*,*,#1167,.T.);
#796=ORIENTED_EDGE('',*,*,#1156,.F.);
#797=ORIENTED_EDGE('',*,*,#1168,.T.);
#798=ORIENTED_EDGE('',*,*,#1151,.F.);
#799=ORIENTED_EDGE('',*,*,#1169,.T.);
#800=ORIENTED_EDGE('',*,*,#907,.F.);
#801=ORIENTED_EDGE('',*,*,#1170,.T.);
#802=ORIENTED_EDGE('',*,*,#1161,.F.);
#803=ORIENTED_EDGE('',*,*,#1171,.T.);
#804=ORIENTED_EDGE('',*,*,#1154,.F.);
#805=ORIENTED_EDGE('',*,*,#1172,.T.);
#806=ORIENTED_EDGE('',*,*,#909,.F.);
#807=ORIENTED_EDGE('',*,*,#1173,.F.);
#808=ORIENTED_EDGE('',*,*,#1174,.F.);
#809=ORIENTED_EDGE('',*,*,#917,.F.);
#810=ORIENTED_EDGE('',*,*,#1175,.F.);
#811=ORIENTED_EDGE('',*,*,#906,.F.);
#812=ORIENTED_EDGE('',*,*,#1175,.T.);
#813=ORIENTED_EDGE('',*,*,#916,.F.);
#814=ORIENTED_EDGE('',*,*,#1176,.F.);
#815=ORIENTED_EDGE('',*,*,#1170,.F.);
#816=ORIENTED_EDGE('',*,*,#1174,.T.);
#817=ORIENTED_EDGE('',*,*,#1163,.F.);
#818=ORIENTED_EDGE('',*,*,#1177,.F.);
#819=ORIENTED_EDGE('',*,*,#918,.F.);
#820=ORIENTED_EDGE('',*,*,#1176,.T.);
#821=ORIENTED_EDGE('',*,*,#915,.F.);
#822=ORIENTED_EDGE('',*,*,#1178,.F.);
#823=ORIENTED_EDGE('',*,*,#1157,.F.);
#824=ORIENTED_EDGE('',*,*,#1177,.T.);
#825=ORIENTED_EDGE('',*,*,#1149,.F.);
#826=ORIENTED_EDGE('',*,*,#1179,.F.);
#827=ORIENTED_EDGE('',*,*,#919,.F.);
#828=ORIENTED_EDGE('',*,*,#1178,.T.);
#829=ORIENTED_EDGE('',*,*,#914,.F.);
#830=ORIENTED_EDGE('',*,*,#1180,.F.);
#831=ORIENTED_EDGE('',*,*,#1172,.F.);
#832=ORIENTED_EDGE('',*,*,#1179,.T.);
#833=ORIENTED_EDGE('',*,*,#1167,.F.);
#834=ORIENTED_EDGE('',*,*,#1181,.F.);
#835=ORIENTED_EDGE('',*,*,#912,.F.);
#836=ORIENTED_EDGE('',*,*,#1180,.T.);
#837=ORIENTED_EDGE('',*,*,#913,.F.);
#838=ORIENTED_EDGE('',*,*,#1181,.T.);
#839=ORIENTED_EDGE('',*,*,#910,.F.);
#840=ORIENTED_EDGE('',*,*,#1182,.F.);
#841=ORIENTED_EDGE('',*,*,#1152,.F.);
#842=ORIENTED_EDGE('',*,*,#1183,.F.);
#843=ORIENTED_EDGE('',*,*,#941,.F.);
#844=ORIENTED_EDGE('',*,*,#1183,.T.);
#845=ORIENTED_EDGE('',*,*,#1168,.F.);
#846=ORIENTED_EDGE('',*,*,#1184,.F.);
#847=ORIENTED_EDGE('',*,*,#942,.F.);
#848=ORIENTED_EDGE('',*,*,#1182,.T.);
#849=ORIENTED_EDGE('',*,*,#940,.F.);
#850=ORIENTED_EDGE('',*,*,#1185,.F.);
#851=ORIENTED_EDGE('',*,*,#1162,.F.);
#852=ORIENTED_EDGE('',*,*,#1184,.T.);
#853=ORIENTED_EDGE('',*,*,#1155,.F.);
#854=ORIENTED_EDGE('',*,*,#1186,.F.);
#855=ORIENTED_EDGE('',*,*,#943,.F.);
#856=ORIENTED_EDGE('',*,*,#1185,.T.);
#857=ORIENTED_EDGE('',*,*,#939,.F.);
#858=ORIENTED_EDGE('',*,*,#1187,.F.);
#859=ORIENTED_EDGE('',*,*,#1147,.F.);
#860=ORIENTED_EDGE('',*,*,#1186,.T.);
#861=ORIENTED_EDGE('',*,*,#1171,.F.);
#862=ORIENTED_EDGE('',*,*,#1188,.F.);
#863=ORIENTED_EDGE('',*,*,#936,.F.);
#864=ORIENTED_EDGE('',*,*,#1187,.T.);
#865=ORIENTED_EDGE('',*,*,#938,.F.);
#866=ORIENTED_EDGE('',*,*,#1189,.F.);
#867=ORIENTED_EDGE('',*,*,#1165,.F.);
#868=ORIENTED_EDGE('',*,*,#1188,.T.);
#869=ORIENTED_EDGE('',*,*,#1160,.F.);
#870=ORIENTED_EDGE('',*,*,#1189,.T.);
#871=ORIENTED_EDGE('',*,*,#937,.F.);
#872=ORIENTED_EDGE('',*,*,#1049,.T.);
#873=ORIENTED_EDGE('',*,*,#1190,.T.);
#874=ORIENTED_EDGE('',*,*,#1166,.T.);
#875=ORIENTED_EDGE('',*,*,#1191,.F.);
#876=ORIENTED_EDGE('',*,*,#1051,.T.);
#877=ORIENTED_EDGE('',*,*,#1192,.T.);
#878=ORIENTED_EDGE('',*,*,#1173,.T.);
#879=ORIENTED_EDGE('',*,*,#1193,.F.);
#880=ORIENTED_EDGE('',*,*,#1050,.T.);
#881=ORIENTED_EDGE('',*,*,#1191,.T.);
#882=ORIENTED_EDGE('',*,*,#1158,.T.);
#883=ORIENTED_EDGE('',*,*,#1192,.F.);
#884=ORIENTED_EDGE('',*,*,#1048,.T.);
#885=ORIENTED_EDGE('',*,*,#1193,.T.);
#886=ORIENTED_EDGE('',*,*,#908,.T.);
#887=ORIENTED_EDGE('',*,*,#1190,.F.);
#888=ORIENTED_EDGE('',*,*,#1194,.T.);
#889=ORIENTED_EDGE('',*,*,#1058,.T.);
#890=ORIENTED_EDGE('',*,*,#1195,.F.);
#891=ORIENTED_EDGE('',*,*,#1164,.F.);
#892=ORIENTED_EDGE('',*,*,#904,.T.);
#893=ORIENTED_EDGE('',*,*,#1196,.T.);
#894=ORIENTED_EDGE('',*,*,#1059,.T.);
#895=ORIENTED_EDGE('',*,*,#1194,.F.);
#896=ORIENTED_EDGE('',*,*,#1150,.T.);
#897=ORIENTED_EDGE('',*,*,#1195,.T.);
#898=ORIENTED_EDGE('',*,*,#1061,.T.);
#899=ORIENTED_EDGE('',*,*,#1197,.F.);
#900=ORIENTED_EDGE('',*,*,#1197,.T.);
#901=ORIENTED_EDGE('',*,*,#1060,.T.);
#902=ORIENTED_EDGE('',*,*,#1196,.F.);
#903=ORIENTED_EDGE('',*,*,#1169,.F.);
#904=EDGE_CURVE('',#1198,#1199,#1368,.T.);
#905=EDGE_CURVE('',#1198,#1200,#1369,.F.);
#906=EDGE_CURVE('',#1200,#1201,#1370,.T.);
#907=EDGE_CURVE('',#1201,#1199,#1371,.T.);
#908=EDGE_CURVE('',#1202,#1203,#1372,.T.);
#909=EDGE_CURVE('',#1202,#1204,#1373,.F.);
#910=EDGE_CURVE('',#1204,#1205,#1374,.T.);
#911=EDGE_CURVE('',#1205,#1203,#1375,.T.);
#912=EDGE_CURVE('',#1206,#1207,#178,.T.);
#913=EDGE_CURVE('',#1207,#1208,#1376,.F.);
#914=EDGE_CURVE('',#1208,#1209,#179,.T.);
#915=EDGE_CURVE('',#1209,#1210,#1377,.F.);
#916=EDGE_CURVE('',#1210,#1211,#180,.T.);
#917=EDGE_CURVE('',#1211,#1212,#1378,.F.);
#918=EDGE_CURVE('',#1212,#1213,#181,.T.);
#919=EDGE_CURVE('',#1213,#1206,#1379,.F.);
#920=EDGE_CURVE('',#1214,#1215,#1380,.T.);
#921=EDGE_CURVE('',#1215,#1216,#126,.F.);
#922=EDGE_CURVE('',#1216,#1217,#1381,.F.);
#923=EDGE_CURVE('',#1217,#1218,#1382,.T.);
#924=EDGE_CURVE('',#1218,#1219,#1383,.T.);
#925=EDGE_CURVE('',#1219,#1220,#127,.T.);
#926=EDGE_CURVE('',#1220,#1221,#1384,.T.);
#927=EDGE_CURVE('',#1221,#1222,#1385,.T.);
#928=EDGE_CURVE('',#1222,#1223,#1386,.T.);
#929=EDGE_CURVE('',#1223,#1224,#128,.F.);
#930=EDGE_CURVE('',#1224,#1225,#1387,.T.);
#931=EDGE_CURVE('',#1225,#1226,#1388,.F.);
#932=EDGE_CURVE('',#1226,#1227,#1389,.F.);
#933=EDGE_CURVE('',#1227,#1228,#129,.T.);
#934=EDGE_CURVE('',#1228,#1229,#1390,.T.);
#935=EDGE_CURVE('',#1229,#1214,#1391,.F.);
#936=EDGE_CURVE('',#1230,#1231,#182,.F.);
#937=EDGE_CURVE('',#1231,#1232,#1392,.T.);
#938=EDGE_CURVE('',#1232,#1233,#183,.F.);
#939=EDGE_CURVE('',#1233,#1234,#1393,.T.);
#940=EDGE_CURVE('',#1234,#1235,#184,.F.);
#941=EDGE_CURVE('',#1235,#1236,#1394,.T.);
#942=EDGE_CURVE('',#1236,#1237,#185,.F.);
#943=EDGE_CURVE('',#1237,#1230,#1395,.T.);
#944=EDGE_CURVE('',#1238,#1239,#1396,.T.);
#945=EDGE_CURVE('',#1239,#1240,#1397,.T.);
#946=EDGE_CURVE('',#1240,#1241,#1398,.F.);
#947=EDGE_CURVE('',#1241,#1238,#1399,.F.);
#948=EDGE_CURVE('',#1242,#1243,#1400,.T.);
#949=EDGE_CURVE('',#1242,#1226,#130,.F.);
#950=EDGE_CURVE('',#1243,#1225,#186,.T.);
#951=EDGE_CURVE('',#1244,#1245,#187,.F.);
#952=EDGE_CURVE('',#1244,#1242,#131,.T.);
#953=EDGE_CURVE('',#1246,#1242,#188,.T.);
#954=EDGE_CURVE('',#1246,#1245,#189,.F.);
#955=EDGE_CURVE('',#1247,#1248,#190,.F.);
#956=EDGE_CURVE('',#1247,#1249,#132,.F.);
#957=EDGE_CURVE('',#1250,#1249,#191,.T.);
#958=EDGE_CURVE('',#1250,#1248,#192,.T.);
#959=EDGE_CURVE('',#1217,#1247,#133,.T.);
#960=EDGE_CURVE('',#1251,#1247,#1401,.F.);
#961=EDGE_CURVE('',#1218,#1251,#193,.T.);
#962=EDGE_CURVE('',#1252,#1253,#134,.T.);
#963=EDGE_CURVE('',#1254,#1252,#1402,.T.);
#964=EDGE_CURVE('',#1255,#1254,#135,.T.);
#965=EDGE_CURVE('',#1256,#1255,#1403,.T.);
#966=EDGE_CURVE('',#1257,#1256,#136,.T.);
#967=EDGE_CURVE('',#1258,#1257,#1404,.T.);
#968=EDGE_CURVE('',#1259,#1258,#137,.T.);
#969=EDGE_CURVE('',#1253,#1259,#1405,.T.);
#970=EDGE_CURVE('',#1260,#1261,#1406,.T.);
#971=EDGE_CURVE('',#1260,#1262,#194,.F.);
#972=EDGE_CURVE('',#1262,#1263,#1407,.F.);
#973=EDGE_CURVE('',#1263,#1261,#195,.T.);
#974=EDGE_CURVE('',#1264,#1265,#1408,.F.);
#975=EDGE_CURVE('',#1265,#1266,#196,.F.);
#976=EDGE_CURVE('',#1267,#1266,#1409,.T.);
#977=EDGE_CURVE('',#1267,#1264,#197,.T.);
#978=EDGE_CURVE('',#1268,#1269,#138,.T.);
#979=EDGE_CURVE('',#1269,#1270,#1410,.T.);
#980=EDGE_CURVE('',#1270,#1271,#139,.T.);
#981=EDGE_CURVE('',#1271,#1272,#198,.T.);
#982=EDGE_CURVE('',#1272,#1273,#140,.T.);
#983=EDGE_CURVE('',#1273,#1268,#199,.T.);
#984=EDGE_CURVE('',#1274,#1275,#1411,.T.);
#985=EDGE_CURVE('',#1274,#1276,#200,.F.);
#986=EDGE_CURVE('',#1276,#1277,#1412,.F.);
#987=EDGE_CURVE('',#1277,#1275,#201,.T.);
#988=EDGE_CURVE('',#1278,#1278,#141,.T.);
#989=EDGE_CURVE('',#1279,#1279,#142,.T.);
#990=EDGE_CURVE('',#1280,#1281,#1413,.T.);
#991=EDGE_CURVE('',#1281,#1253,#202,.T.);
#992=EDGE_CURVE('',#1259,#1280,#203,.T.);
#993=EDGE_CURVE('',#1255,#1274,#204,.T.);
#994=EDGE_CURVE('',#1275,#1256,#205,.T.);
#995=EDGE_CURVE('',#1257,#1282,#206,.T.);
#996=EDGE_CURVE('',#1282,#1283,#1414,.T.);
#997=EDGE_CURVE('',#1283,#1258,#207,.T.);
#998=EDGE_CURVE('',#1252,#1284,#208,.T.);
#999=EDGE_CURVE('',#1284,#1285,#1415,.T.);
#1000=EDGE_CURVE('',#1285,#1254,#209,.T.);
#1001=EDGE_CURVE('',#1286,#1286,#210,.T.);
#1002=EDGE_CURVE('',#1287,#1287,#211,.T.);
#1003=EDGE_CURVE('',#1288,#1288,#143,.T.);
#1004=EDGE_CURVE('',#1289,#1289,#212,.T.);
#1005=EDGE_CURVE('',#1290,#1290,#213,.T.);
#1006=EDGE_CURVE('',#1291,#1291,#144,.T.);
#1007=EDGE_CURVE('',#1266,#1260,#145,.T.);
#1008=EDGE_CURVE('',#1261,#1267,#146,.T.);
#1009=EDGE_CURVE('',#1292,#1293,#1416,.T.);
#1010=EDGE_CURVE('',#1293,#1281,#214,.T.);
#1011=EDGE_CURVE('',#1280,#1294,#215,.F.);
#1012=EDGE_CURVE('',#1294,#1295,#1417,.T.);
#1013=EDGE_CURVE('',#1295,#1296,#147,.T.);
#1014=EDGE_CURVE('',#1296,#1297,#216,.F.);
#1015=EDGE_CURVE('',#1297,#1298,#148,.T.);
#1016=EDGE_CURVE('',#1298,#1299,#217,.F.);
#1017=EDGE_CURVE('',#1299,#1292,#149,.T.);
#1018=EDGE_CURVE('',#1249,#1300,#1418,.F.);
#1019=EDGE_CURVE('',#1300,#1301,#150,.T.);
#1020=EDGE_CURVE('',#1301,#1302,#218,.F.);
#1021=EDGE_CURVE('',#1302,#1303,#151,.T.);
#1022=EDGE_CURVE('',#1303,#1304,#219,.F.);
#1023=EDGE_CURVE('',#1304,#1305,#152,.T.);
#1024=EDGE_CURVE('',#1305,#1244,#1419,.F.);
#1025=EDGE_CURVE('',#1245,#1250,#1420,.T.);
#1026=EDGE_CURVE('',#1306,#1306,#153,.T.);
#1027=EDGE_CURVE('',#1307,#1307,#154,.T.);
#1028=EDGE_CURVE('',#1308,#1308,#220,.T.);
#1029=EDGE_CURVE('',#1309,#1309,#221,.T.);
#1030=EDGE_CURVE('',#1310,#1310,#222,.T.);
#1031=EDGE_CURVE('',#1311,#1311,#223,.T.);
#1032=EDGE_CURVE('',#1312,#1312,#155,.T.);
#1033=EDGE_CURVE('',#1313,#1313,#156,.T.);
#1034=EDGE_CURVE('',#1314,#1315,#1421,.T.);
#1035=EDGE_CURVE('',#1315,#1316,#157,.T.);
#1036=EDGE_CURVE('',#1316,#1317,#1422,.T.);
#1037=EDGE_CURVE('',#1317,#1314,#158,.T.);
#1038=EDGE_CURVE('',#1318,#1319,#1423,.F.);
#1039=EDGE_CURVE('',#1319,#1315,#224,.F.);
#1040=EDGE_CURVE('',#1314,#1318,#225,.T.);
#1041=EDGE_CURVE('',#1316,#1320,#226,.F.);
#1042=EDGE_CURVE('',#1320,#1321,#1424,.F.);
#1043=EDGE_CURVE('',#1321,#1317,#227,.T.);
#1044=EDGE_CURVE('',#1322,#1323,#1425,.T.);
#1045=EDGE_CURVE('',#1323,#1324,#1426,.T.);
#1046=EDGE_CURVE('',#1324,#1325,#1427,.T.);
#1047=EDGE_CURVE('',#1325,#1322,#1428,.T.);
#1048=EDGE_CURVE('',#1326,#1327,#1429,.T.);
#1049=EDGE_CURVE('',#1328,#1326,#1430,.T.);
#1050=EDGE_CURVE('',#1329,#1328,#1431,.T.);
#1051=EDGE_CURVE('',#1327,#1329,#1432,.T.);
#1052=EDGE_CURVE('',#1248,#1330,#1433,.F.);
#1053=EDGE_CURVE('',#1330,#1331,#228,.T.);
#1054=EDGE_CURVE('',#1331,#1332,#1434,.T.);
#1055=EDGE_CURVE('',#1332,#1285,#229,.T.);
#1056=EDGE_CURVE('',#1284,#1333,#230,.F.);
#1057=EDGE_CURVE('',#1251,#1333,#231,.T.);
#1058=EDGE_CURVE('',#1334,#1335,#1435,.T.);
#1059=EDGE_CURVE('',#1336,#1334,#1436,.T.);
#1060=EDGE_CURVE('',#1337,#1336,#1437,.T.);
#1061=EDGE_CURVE('',#1335,#1337,#1438,.T.);
#1062=EDGE_CURVE('',#1338,#1243,#232,.F.);
#1063=EDGE_CURVE('',#1338,#1283,#233,.T.);
#1064=EDGE_CURVE('',#1282,#1339,#234,.F.);
#1065=EDGE_CURVE('',#1339,#1340,#1439,.F.);
#1066=EDGE_CURVE('',#1340,#1341,#235,.F.);
#1067=EDGE_CURVE('',#1341,#1246,#1440,.F.);
#1068=EDGE_CURVE('',#1342,#1343,#1441,.F.);
#1069=EDGE_CURVE('',#1343,#1344,#159,.T.);
#1070=EDGE_CURVE('',#1344,#1345,#236,.T.);
#1071=EDGE_CURVE('',#1345,#1346,#160,.T.);
#1072=EDGE_CURVE('',#1346,#1347,#237,.T.);
#1073=EDGE_CURVE('',#1347,#1342,#161,.T.);
#1074=EDGE_CURVE('',#1348,#1349,#238,.T.);
#1075=EDGE_CURVE('',#1349,#1350,#1442,.T.);
#1076=EDGE_CURVE('',#1350,#1351,#239,.F.);
#1077=EDGE_CURVE('',#1351,#1348,#1443,.F.);
#1078=EDGE_CURVE('',#1320,#1229,#162,.T.);
#1079=EDGE_CURVE('',#1228,#1321,#163,.T.);
#1080=EDGE_CURVE('',#1214,#1319,#164,.T.);
#1081=EDGE_CURVE('',#1318,#1215,#165,.T.);
#1082=EDGE_CURVE('',#1262,#1221,#166,.T.);
#1083=EDGE_CURVE('',#1220,#1263,#167,.T.);
#1084=EDGE_CURVE('',#1222,#1265,#168,.T.);
#1085=EDGE_CURVE('',#1264,#1223,#169,.T.);
#1086=EDGE_CURVE('',#1228,#1305,#170,.F.);
#1087=EDGE_CURVE('',#1321,#1304,#240,.T.);
#1088=EDGE_CURVE('',#1317,#1303,#241,.T.);
#1089=EDGE_CURVE('',#1314,#1302,#242,.T.);
#1090=EDGE_CURVE('',#1318,#1301,#243,.T.);
#1091=EDGE_CURVE('',#1300,#1215,#171,.T.);
#1092=EDGE_CURVE('',#1322,#1348,#244,.T.);
#1093=EDGE_CURVE('',#1351,#1323,#245,.F.);
#1094=EDGE_CURVE('',#1324,#1250,#246,.F.);
#1095=EDGE_CURVE('',#1325,#1245,#247,.T.);
#1096=EDGE_CURVE('',#1341,#1322,#248,.T.);
#1097=EDGE_CURVE('',#1246,#1325,#249,.T.);
#1098=EDGE_CURVE('',#1350,#1331,#250,.F.);
#1099=EDGE_CURVE('',#1351,#1330,#251,.T.);
#1100=EDGE_CURVE('',#1323,#1330,#252,.T.);
#1101=EDGE_CURVE('',#1324,#1248,#253,.T.);
#1102=EDGE_CURVE('',#1295,#1223,#172,.T.);
#1103=EDGE_CURVE('',#1296,#1264,#254,.T.);
#1104=EDGE_CURVE('',#1297,#1267,#255,.T.);
#1105=EDGE_CURVE('',#1298,#1261,#256,.T.);
#1106=EDGE_CURVE('',#1299,#1263,#257,.T.);
#1107=EDGE_CURVE('',#1220,#1292,#173,.F.);
#1108=EDGE_CURVE('',#1315,#1346,#258,.T.);
#1109=EDGE_CURVE('',#1347,#1319,#259,.T.);
#1110=EDGE_CURVE('',#1342,#1214,#260,.T.);
#1111=EDGE_CURVE('',#1316,#1345,#261,.T.);
#1112=EDGE_CURVE('',#1343,#1229,#262,.T.);
#1113=EDGE_CURVE('',#1320,#1344,#263,.T.);
#1114=EDGE_CURVE('',#1292,#1219,#264,.F.);
#1115=EDGE_CURVE('',#1293,#1218,#265,.F.);
#1116=EDGE_CURVE('',#1294,#1225,#266,.T.);
#1117=EDGE_CURVE('',#1295,#1224,#267,.F.);
#1118=EDGE_CURVE('',#1280,#1283,#174,.F.);
#1119=EDGE_CURVE('',#1294,#1338,#268,.T.);
#1120=EDGE_CURVE('',#1340,#1349,#269,.F.);
#1121=EDGE_CURVE('',#1341,#1348,#270,.T.);
#1122=EDGE_CURVE('',#1339,#1239,#271,.T.);
#1123=EDGE_CURVE('',#1340,#1238,#272,.T.);
#1124=EDGE_CURVE('',#1349,#1238,#273,.T.);
#1125=EDGE_CURVE('',#1350,#1241,#274,.T.);
#1126=EDGE_CURVE('',#1331,#1241,#275,.T.);
#1127=EDGE_CURVE('',#1240,#1332,#276,.F.);
#1128=EDGE_CURVE('',#1260,#1272,#277,.T.);
#1129=EDGE_CURVE('',#1273,#1266,#278,.T.);
#1130=EDGE_CURVE('',#1268,#1265,#279,.T.);
#1131=EDGE_CURVE('',#1262,#1271,#280,.T.);
#1132=EDGE_CURVE('',#1269,#1222,#281,.T.);
#1133=EDGE_CURVE('',#1221,#1270,#282,.T.);
#1134=EDGE_CURVE('',#1282,#1275,#175,.F.);
#1135=EDGE_CURVE('',#1339,#1277,#283,.T.);
#1136=EDGE_CURVE('',#1239,#1277,#284,.T.);
#1137=EDGE_CURVE('',#1240,#1276,#285,.T.);
#1138=EDGE_CURVE('',#1332,#1276,#286,.T.);
#1139=EDGE_CURVE('',#1285,#1274,#176,.T.);
#1140=EDGE_CURVE('',#1284,#1281,#177,.F.);
#1141=EDGE_CURVE('',#1333,#1293,#287,.T.);
#1142=EDGE_CURVE('',#1305,#1227,#288,.T.);
#1143=EDGE_CURVE('',#1244,#1226,#289,.T.);
#1144=EDGE_CURVE('',#1216,#1300,#290,.T.);
#1145=EDGE_CURVE('',#1217,#1249,#291,.T.);
#1146=EDGE_CURVE('',#1352,#1353,#1444,.T.);
#1147=EDGE_CURVE('',#1353,#1354,#1445,.F.);
#1148=EDGE_CURVE('',#1354,#1355,#1446,.F.);
#1149=EDGE_CURVE('',#1355,#1352,#1447,.T.);
#1150=EDGE_CURVE('',#1356,#1357,#1448,.T.);
#1151=EDGE_CURVE('',#1356,#1358,#1449,.T.);
#1152=EDGE_CURVE('',#1358,#1359,#1450,.F.);
#1153=EDGE_CURVE('',#1359,#1357,#1451,.F.);
#1154=EDGE_CURVE('',#1360,#1361,#1452,.T.);
#1155=EDGE_CURVE('',#1361,#1362,#1453,.F.);
#1156=EDGE_CURVE('',#1362,#1363,#1454,.F.);
#1157=EDGE_CURVE('',#1363,#1360,#1455,.T.);
#1158=EDGE_CURVE('',#1364,#1365,#1456,.T.);
#1159=EDGE_CURVE('',#1364,#1366,#1457,.T.);
#1160=EDGE_CURVE('',#1366,#1367,#1458,.F.);
#1161=EDGE_CURVE('',#1367,#1365,#1459,.F.);
#1162=EDGE_CURVE('',#1359,#1353,#292,.T.);
#1163=EDGE_CURVE('',#1352,#1200,#293,.F.);
#1164=EDGE_CURVE('',#1198,#1357,#1460,.F.);
#1165=EDGE_CURVE('',#1354,#1366,#294,.T.);
#1166=EDGE_CURVE('',#1203,#1364,#1461,.T.);
#1167=EDGE_CURVE('',#1205,#1355,#295,.F.);
#1168=EDGE_CURVE('',#1362,#1358,#296,.T.);
#1169=EDGE_CURVE('',#1356,#1199,#1462,.T.);
#1170=EDGE_CURVE('',#1201,#1363,#297,.F.);
#1171=EDGE_CURVE('',#1367,#1361,#298,.T.);
#1172=EDGE_CURVE('',#1360,#1204,#299,.F.);
#1173=EDGE_CURVE('',#1365,#1202,#1463,.F.);
#1174=EDGE_CURVE('',#1212,#1200,#300,.T.);
#1175=EDGE_CURVE('',#1201,#1211,#301,.T.);
#1176=EDGE_CURVE('',#1363,#1210,#302,.T.);
#1177=EDGE_CURVE('',#1213,#1352,#303,.T.);
#1178=EDGE_CURVE('',#1360,#1209,#304,.T.);
#1179=EDGE_CURVE('',#1206,#1355,#305,.T.);
#1180=EDGE_CURVE('',#1204,#1208,#306,.T.);
#1181=EDGE_CURVE('',#1207,#1205,#307,.T.);
#1182=EDGE_CURVE('',#1359,#1235,#308,.T.);
#1183=EDGE_CURVE('',#1236,#1358,#309,.T.);
#1184=EDGE_CURVE('',#1237,#1362,#310,.T.);
#1185=EDGE_CURVE('',#1353,#1234,#311,.T.);
#1186=EDGE_CURVE('',#1230,#1361,#312,.T.);
#1187=EDGE_CURVE('',#1354,#1233,#313,.T.);
#1188=EDGE_CURVE('',#1231,#1367,#314,.T.);
#1189=EDGE_CURVE('',#1366,#1232,#315,.T.);
#1190=EDGE_CURVE('',#1326,#1203,#1464,.T.);
#1191=EDGE_CURVE('',#1328,#1364,#1465,.T.);
#1192=EDGE_CURVE('',#1329,#1365,#1466,.T.);
#1193=EDGE_CURVE('',#1327,#1202,#1467,.T.);
#1194=EDGE_CURVE('',#1198,#1334,#1468,.T.);
#1195=EDGE_CURVE('',#1357,#1335,#1469,.T.);
#1196=EDGE_CURVE('',#1199,#1336,#1470,.T.);
#1197=EDGE_CURVE('',#1356,#1337,#1471,.T.);
#1198=VERTEX_POINT('',#3862);
#1199=VERTEX_POINT('',#3863);
#1200=VERTEX_POINT('',#3865);
#1201=VERTEX_POINT('',#3867);
#1202=VERTEX_POINT('',#3871);
#1203=VERTEX_POINT('',#3872);
#1204=VERTEX_POINT('',#3874);
#1205=VERTEX_POINT('',#3876);
#1206=VERTEX_POINT('',#3880);
#1207=VERTEX_POINT('',#3881);
#1208=VERTEX_POINT('',#3883);
#1209=VERTEX_POINT('',#3885);
#1210=VERTEX_POINT('',#3887);
#1211=VERTEX_POINT('',#3889);
#1212=VERTEX_POINT('',#3891);
#1213=VERTEX_POINT('',#3893);
#1214=VERTEX_POINT('',#3896);
#1215=VERTEX_POINT('',#3897);
#1216=VERTEX_POINT('',#3902);
#1217=VERTEX_POINT('',#3904);
#1218=VERTEX_POINT('',#3906);
#1219=VERTEX_POINT('',#3908);
#1220=VERTEX_POINT('',#3913);
#1221=VERTEX_POINT('',#3915);
#1222=VERTEX_POINT('',#3917);
#1223=VERTEX_POINT('',#3919);
#1224=VERTEX_POINT('',#3924);
#1225=VERTEX_POINT('',#3926);
#1226=VERTEX_POINT('',#3928);
#1227=VERTEX_POINT('',#3930);
#1228=VERTEX_POINT('',#3935);
#1229=VERTEX_POINT('',#3937);
#1230=VERTEX_POINT('',#3941);
#1231=VERTEX_POINT('',#3942);
#1232=VERTEX_POINT('',#3944);
#1233=VERTEX_POINT('',#3946);
#1234=VERTEX_POINT('',#3948);
#1235=VERTEX_POINT('',#3950);
#1236=VERTEX_POINT('',#3952);
#1237=VERTEX_POINT('',#3954);
#1238=VERTEX_POINT('',#3957);
#1239=VERTEX_POINT('',#3958);
#1240=VERTEX_POINT('',#3960);
#1241=VERTEX_POINT('',#3962);
#1242=VERTEX_POINT('',#3966);
#1243=VERTEX_POINT('',#3967);
#1244=VERTEX_POINT('',#3976);
#1245=VERTEX_POINT('',#3977);
#1246=VERTEX_POINT('',#3984);
#1247=VERTEX_POINT('',#3988);
#1248=VERTEX_POINT('',#3989);
#1249=VERTEX_POINT('',#3995);
#1250=VERTEX_POINT('',#3997);
#1251=VERTEX_POINT('',#4006);
#1252=VERTEX_POINT('',#4013);
#1253=VERTEX_POINT('',#4014);
#1254=VERTEX_POINT('',#4016);
#1255=VERTEX_POINT('',#4021);
#1256=VERTEX_POINT('',#4023);
#1257=VERTEX_POINT('',#4028);
#1258=VERTEX_POINT('',#4030);
#1259=VERTEX_POINT('',#4035);
#1260=VERTEX_POINT('',#4039);
#1261=VERTEX_POINT('',#4040);
#1262=VERTEX_POINT('',#4042);
#1263=VERTEX_POINT('',#4044);
#1264=VERTEX_POINT('',#4048);
#1265=VERTEX_POINT('',#4049);
#1266=VERTEX_POINT('',#4051);
#1267=VERTEX_POINT('',#4053);
#1268=VERTEX_POINT('',#4063);
#1269=VERTEX_POINT('',#4064);
#1270=VERTEX_POINT('',#4066);
#1271=VERTEX_POINT('',#4074);
#1272=VERTEX_POINT('',#4076);
#1273=VERTEX_POINT('',#4087);
#1274=VERTEX_POINT('',#4090);
#1275=VERTEX_POINT('',#4091);
#1276=VERTEX_POINT('',#4093);
#1277=VERTEX_POINT('',#4095);
#1278=VERTEX_POINT('',#4108);
#1279=VERTEX_POINT('',#4120);
#1280=VERTEX_POINT('',#4123);
#1281=VERTEX_POINT('',#4124);
#1282=VERTEX_POINT('',#4132);
#1283=VERTEX_POINT('',#4134);
#1284=VERTEX_POINT('',#4138);
#1285=VERTEX_POINT('',#4140);
#1286=VERTEX_POINT('',#4144);
#1287=VERTEX_POINT('',#4147);
#1288=VERTEX_POINT('',#4160);
#1289=VERTEX_POINT('',#4164);
#1290=VERTEX_POINT('',#4167);
#1291=VERTEX_POINT('',#4180);
#1292=VERTEX_POINT('',#4201);
#1293=VERTEX_POINT('',#4202);
#1294=VERTEX_POINT('',#4205);
#1295=VERTEX_POINT('',#4207);
#1296=VERTEX_POINT('',#4215);
#1297=VERTEX_POINT('',#4217);
#1298=VERTEX_POINT('',#4226);
#1299=VERTEX_POINT('',#4228);
#1300=VERTEX_POINT('',#4238);
#1301=VERTEX_POINT('',#4246);
#1302=VERTEX_POINT('',#4248);
#1303=VERTEX_POINT('',#4257);
#1304=VERTEX_POINT('',#4259);
#1305=VERTEX_POINT('',#4267);
#1306=VERTEX_POINT('',#4281);
#1307=VERTEX_POINT('',#4293);
#1308=VERTEX_POINT('',#4296);
#1309=VERTEX_POINT('',#4298);
#1310=VERTEX_POINT('',#4301);
#1311=VERTEX_POINT('',#4303);
#1312=VERTEX_POINT('',#4316);
#1313=VERTEX_POINT('',#4329);
#1314=VERTEX_POINT('',#4332);
#1315=VERTEX_POINT('',#4333);
#1316=VERTEX_POINT('',#4342);
#1317=VERTEX_POINT('',#4344);
#1318=VERTEX_POINT('',#4355);
#1319=VERTEX_POINT('',#4356);
#1320=VERTEX_POINT('',#4361);
#1321=VERTEX_POINT('',#4363);
#1322=VERTEX_POINT('',#4369);
#1323=VERTEX_POINT('',#4370);
#1324=VERTEX_POINT('',#4372);
#1325=VERTEX_POINT('',#4374);
#1326=VERTEX_POINT('',#4378);
#1327=VERTEX_POINT('',#4379);
#1328=VERTEX_POINT('',#4381);
#1329=VERTEX_POINT('',#4383);
#1330=VERTEX_POINT('',#4386);
#1331=VERTEX_POINT('',#4388);
#1332=VERTEX_POINT('',#4390);
#1333=VERTEX_POINT('',#4393);
#1334=VERTEX_POINT('',#4397);
#1335=VERTEX_POINT('',#4398);
#1336=VERTEX_POINT('',#4400);
#1337=VERTEX_POINT('',#4402);
#1338=VERTEX_POINT('',#4405);
#1339=VERTEX_POINT('',#4408);
#1340=VERTEX_POINT('',#4410);
#1341=VERTEX_POINT('',#4412);
#1342=VERTEX_POINT('',#4416);
#1343=VERTEX_POINT('',#4417);
#1344=VERTEX_POINT('',#4425);
#1345=VERTEX_POINT('',#4427);
#1346=VERTEX_POINT('',#4438);
#1347=VERTEX_POINT('',#4440);
#1348=VERTEX_POINT('',#4449);
#1349=VERTEX_POINT('',#4450);
#1350=VERTEX_POINT('',#4452);
#1351=VERTEX_POINT('',#4454);
#1352=VERTEX_POINT('',#5051);
#1353=VERTEX_POINT('',#5052);
#1354=VERTEX_POINT('',#5054);
#1355=VERTEX_POINT('',#5056);
#1356=VERTEX_POINT('',#5060);
#1357=VERTEX_POINT('',#5061);
#1358=VERTEX_POINT('',#5063);
#1359=VERTEX_POINT('',#5065);
#1360=VERTEX_POINT('',#5069);
#1361=VERTEX_POINT('',#5070);
#1362=VERTEX_POINT('',#5072);
#1363=VERTEX_POINT('',#5074);
#1364=VERTEX_POINT('',#5078);
#1365=VERTEX_POINT('',#5079);
#1366=VERTEX_POINT('',#5081);
#1367=VERTEX_POINT('',#5083);
#1368=LINE('',#3861,#1472);
#1369=LINE('',#3864,#1473);
#1370=LINE('',#3866,#1474);
#1371=LINE('',#3868,#1475);
#1372=LINE('',#3870,#1476);
#1373=LINE('',#3873,#1477);
#1374=LINE('',#3875,#1478);
#1375=LINE('',#3877,#1479);
#1376=LINE('',#3882,#1480);
#1377=LINE('',#3886,#1481);
#1378=LINE('',#3890,#1482);
#1379=LINE('',#3894,#1483);
#1380=LINE('',#3895,#1484);
#1381=LINE('',#3903,#1485);
#1382=LINE('',#3905,#1486);
#1383=LINE('',#3907,#1487);
#1384=LINE('',#3914,#1488);
#1385=LINE('',#3916,#1489);
#1386=LINE('',#3918,#1490);
#1387=LINE('',#3925,#1491);
#1388=LINE('',#3927,#1492);
#1389=LINE('',#3929,#1493);
#1390=LINE('',#3936,#1494);
#1391=LINE('',#3938,#1495);
#1392=LINE('',#3943,#1496);
#1393=LINE('',#3947,#1497);
#1394=LINE('',#3951,#1498);
#1395=LINE('',#3955,#1499);
#1396=LINE('',#3956,#1500);
#1397=LINE('',#3959,#1501);
#1398=LINE('',#3961,#1502);
#1399=LINE('',#3963,#1503);
#1400=LINE('',#3965,#1504);
#1401=LINE('',#4005,#1505);
#1402=LINE('',#4015,#1506);
#1403=LINE('',#4022,#1507);
#1404=LINE('',#4029,#1508);
#1405=LINE('',#4036,#1509);
#1406=LINE('',#4038,#1510);
#1407=LINE('',#4043,#1511);
#1408=LINE('',#4047,#1512);
#1409=LINE('',#4052,#1513);
#1410=LINE('',#4065,#1514);
#1411=LINE('',#4089,#1515);
#1412=LINE('',#4094,#1516);
#1413=LINE('',#4122,#1517);
#1414=LINE('',#4133,#1518);
#1415=LINE('',#4139,#1519);
#1416=LINE('',#4200,#1520);
#1417=LINE('',#4206,#1521);
#1418=LINE('',#4237,#1522);
#1419=LINE('',#4268,#1523);
#1420=LINE('',#4269,#1524);
#1421=LINE('',#4331,#1525);
#1422=LINE('',#4343,#1526);
#1423=LINE('',#4354,#1527);
#1424=LINE('',#4362,#1528);
#1425=LINE('',#4368,#1529);
#1426=LINE('',#4371,#1530);
#1427=LINE('',#4373,#1531);
#1428=LINE('',#4375,#1532);
#1429=LINE('',#4377,#1533);
#1430=LINE('',#4380,#1534);
#1431=LINE('',#4382,#1535);
#1432=LINE('',#4384,#1536);
#1433=LINE('',#4385,#1537);
#1434=LINE('',#4389,#1538);
#1435=LINE('',#4396,#1539);
#1436=LINE('',#4399,#1540);
#1437=LINE('',#4401,#1541);
#1438=LINE('',#4403,#1542);
#1439=LINE('',#4409,#1543);
#1440=LINE('',#4413,#1544);
#1441=LINE('',#4415,#1545);
#1442=LINE('',#4451,#1546);
#1443=LINE('',#4455,#1547);
#1444=LINE('',#5050,#1548);
#1445=LINE('',#5053,#1549);
#1446=LINE('',#5055,#1550);
#1447=LINE('',#5057,#1551);
#1448=LINE('',#5059,#1552);
#1449=LINE('',#5062,#1553);
#1450=LINE('',#5064,#1554);
#1451=LINE('',#5066,#1555);
#1452=LINE('',#5068,#1556);
#1453=LINE('',#5071,#1557);
#1454=LINE('',#5073,#1558);
#1455=LINE('',#5075,#1559);
#1456=LINE('',#5077,#1560);
#1457=LINE('',#5080,#1561);
#1458=LINE('',#5082,#1562);
#1459=LINE('',#5084,#1563);
#1460=LINE('',#5088,#1564);
#1461=LINE('',#5091,#1565);
#1462=LINE('',#5095,#1566);
#1463=LINE('',#5100,#1567);
#1464=LINE('',#5134,#1568);
#1465=LINE('',#5135,#1569);
#1466=LINE('',#5137,#1570);
#1467=LINE('',#5138,#1571);
#1468=LINE('',#5142,#1572);
#1469=LINE('',#5143,#1573);
#1470=LINE('',#5145,#1574);
#1471=LINE('',#5147,#1575);
#1472=VECTOR('',#3257,1000.);
#1473=VECTOR('',#3258,1000.);
#1474=VECTOR('',#3259,1000.);
#1475=VECTOR('',#3260,1000.);
#1476=VECTOR('',#3263,1000.);
#1477=VECTOR('',#3264,1000.);
#1478=VECTOR('',#3265,1000.);
#1479=VECTOR('',#3266,1000.);
#1480=VECTOR('',#3271,1000.);
#1481=VECTOR('',#3274,1000.);
#1482=VECTOR('',#3277,1000.);
#1483=VECTOR('',#3280,1000.);
#1484=VECTOR('',#3281,1000.);
#1485=VECTOR('',#3282,1000.);
#1486=VECTOR('',#3283,1000.);
#1487=VECTOR('',#3284,1000.);
#1488=VECTOR('',#3285,1000.);
#1489=VECTOR('',#3286,1000.);
#1490=VECTOR('',#3287,1000.);
#1491=VECTOR('',#3288,1000.);
#1492=VECTOR('',#3289,1000.);
#1493=VECTOR('',#3290,1000.);
#1494=VECTOR('',#3291,1000.);
#1495=VECTOR('',#3292,1000.);
#1496=VECTOR('',#3297,1000.);
#1497=VECTOR('',#3300,1000.);
#1498=VECTOR('',#3303,1000.);
#1499=VECTOR('',#3306,1000.);
#1500=VECTOR('',#3307,1000.);
#1501=VECTOR('',#3308,1000.);
#1502=VECTOR('',#3309,1000.);
#1503=VECTOR('',#3310,1000.);
#1504=VECTOR('',#3313,1000.);
#1505=VECTOR('',#3334,1000.);
#1506=VECTOR('',#3339,1000.);
#1507=VECTOR('',#3340,1000.);
#1508=VECTOR('',#3341,1000.);
#1509=VECTOR('',#3342,1000.);
#1510=VECTOR('',#3345,1000.);
#1511=VECTOR('',#3348,1000.);
#1512=VECTOR('',#3353,1000.);
#1513=VECTOR('',#3356,1000.);
#1514=VECTOR('',#3361,1000.);
#1515=VECTOR('',#3366,1000.);
#1516=VECTOR('',#3369,1000.);
#1517=VECTOR('',#3374,1000.);
#1518=VECTOR('',#3389,1000.);
#1519=VECTOR('',#3396,1000.);
#1520=VECTOR('',#3423,1000.);
#1521=VECTOR('',#3428,1000.);
#1522=VECTOR('',#3435,1000.);
#1523=VECTOR('',#3440,1000.);
#1524=VECTOR('',#3441,1000.);
#1525=VECTOR('',#3460,1000.);
#1526=VECTOR('',#3461,1000.);
#1527=VECTOR('',#3464,1000.);
#1528=VECTOR('',#3473,1000.);
#1529=VECTOR('',#3482,1000.);
#1530=VECTOR('',#3483,1000.);
#1531=VECTOR('',#3484,1000.);
#1532=VECTOR('',#3485,1000.);
#1533=VECTOR('',#3488,1000.);
#1534=VECTOR('',#3489,1000.);
#1535=VECTOR('',#3490,1000.);
#1536=VECTOR('',#3491,1000.);
#1537=VECTOR('',#3492,1000.);
#1538=VECTOR('',#3495,1000.);
#1539=VECTOR('',#3504,1000.);
#1540=VECTOR('',#3505,1000.);
#1541=VECTOR('',#3506,1000.);
#1542=VECTOR('',#3507,1000.);
#1543=VECTOR('',#3514,1000.);
#1544=VECTOR('',#3517,1000.);
#1545=VECTOR('',#3520,1000.);
#1546=VECTOR('',#3527,1000.);
#1547=VECTOR('',#3530,1000.);
#1548=VECTOR('',#3721,1000.);
#1549=VECTOR('',#3722,1000.);
#1550=VECTOR('',#3723,1000.);
#1551=VECTOR('',#3724,1000.);
#1552=VECTOR('',#3727,1000.);
#1553=VECTOR('',#3728,1000.);
#1554=VECTOR('',#3729,1000.);
#1555=VECTOR('',#3730,1000.);
#1556=VECTOR('',#3733,1000.);
#1557=VECTOR('',#3734,1000.);
#1558=VECTOR('',#3735,1000.);
#1559=VECTOR('',#3736,1000.);
#1560=VECTOR('',#3739,1000.);
#1561=VECTOR('',#3740,1000.);
#1562=VECTOR('',#3741,1000.);
#1563=VECTOR('',#3742,1000.);
#1564=VECTOR('',#3749,1000.);
#1565=VECTOR('',#3754,1000.);
#1566=VECTOR('',#3761,1000.);
#1567=VECTOR('',#3770,1000.);
#1568=VECTOR('',#3837,1000.);
#1569=VECTOR('',#3838,1000.);
#1570=VECTOR('',#3841,1000.);
#1571=VECTOR('',#3842,1000.);
#1572=VECTOR('',#3849,1000.);
#1573=VECTOR('',#3850,1000.);
#1574=VECTOR('',#3853,1000.);
#1575=VECTOR('',#3856,1000.);
#1576=EDGE_LOOP('',(#316,#317,#318,#319));
#1577=EDGE_LOOP('',(#320,#321,#322,#323));
#1578=EDGE_LOOP('',(#324,#325,#326,#327,#328,#329,#330,#331));
#1579=EDGE_LOOP('',(#332,#333,#334,#335,#336,#337,#338,#339,#340,#341,#342,
#343,#344,#345,#346,#347));
#1580=EDGE_LOOP('',(#348,#349,#350,#351,#352,#353,#354,#355));
#1581=EDGE_LOOP('',(#356,#357,#358,#359));
#1582=EDGE_LOOP('',(#360,#361,#362,#363));
#1583=EDGE_LOOP('',(#364,#365,#366,#367));
#1584=EDGE_LOOP('',(#368,#369,#370,#371));
#1585=EDGE_LOOP('',(#372,#373,#374,#375));
#1586=EDGE_LOOP('',(#376,#377,#378,#379,#380,#381,#382,#383));
#1587=EDGE_LOOP('',(#384,#385,#386,#387));
#1588=EDGE_LOOP('',(#388,#389,#390,#391));
#1589=EDGE_LOOP('',(#392,#393,#394,#395,#396,#397));
#1590=EDGE_LOOP('',(#398,#399,#400,#401));
#1591=EDGE_LOOP('',(#402));
#1592=EDGE_LOOP('',(#403));
#1593=EDGE_LOOP('',(#404,#405,#406,#407));
#1594=EDGE_LOOP('',(#408,#409,#410,#411));
#1595=EDGE_LOOP('',(#412,#413,#414,#415));
#1596=EDGE_LOOP('',(#416,#417,#418,#419));
#1597=EDGE_LOOP('',(#420));
#1598=EDGE_LOOP('',(#421));
#1599=EDGE_LOOP('',(#422));
#1600=EDGE_LOOP('',(#423));
#1601=EDGE_LOOP('',(#424));
#1602=EDGE_LOOP('',(#425));
#1603=EDGE_LOOP('',(#426));
#1604=EDGE_LOOP('',(#427));
#1605=EDGE_LOOP('',(#428));
#1606=EDGE_LOOP('',(#429));
#1607=EDGE_LOOP('',(#430));
#1608=EDGE_LOOP('',(#431));
#1609=EDGE_LOOP('',(#432,#433,#434,#435));
#1610=EDGE_LOOP('',(#436,#437,#438,#439,#440,#441,#442,#443,#444,#445));
#1611=EDGE_LOOP('',(#446));
#1612=EDGE_LOOP('',(#447));
#1613=EDGE_LOOP('',(#448,#449,#450,#451,#452,#453,#454,#455,#456,#457));
#1614=EDGE_LOOP('',(#458));
#1615=EDGE_LOOP('',(#459));
#1616=EDGE_LOOP('',(#460));
#1617=EDGE_LOOP('',(#461));
#1618=EDGE_LOOP('',(#462));
#1619=EDGE_LOOP('',(#463));
#1620=EDGE_LOOP('',(#464));
#1621=EDGE_LOOP('',(#465));
#1622=EDGE_LOOP('',(#466));
#1623=EDGE_LOOP('',(#467));
#1624=EDGE_LOOP('',(#468,#469,#470,#471));
#1625=EDGE_LOOP('',(#472,#473,#474,#475));
#1626=EDGE_LOOP('',(#476,#477,#478,#479));
#1627=EDGE_LOOP('',(#480));
#1628=EDGE_LOOP('',(#481));
#1629=EDGE_LOOP('',(#482));
#1630=EDGE_LOOP('',(#483));
#1631=EDGE_LOOP('',(#484,#485,#486,#487));
#1632=EDGE_LOOP('',(#488,#489,#490,#491));
#1633=EDGE_LOOP('',(#492,#493,#494,#495,#496,#497,#498,#499,#500));
#1634=EDGE_LOOP('',(#501,#502,#503,#504));
#1635=EDGE_LOOP('',(#505,#506,#507,#508,#509,#510,#511,#512,#513));
#1636=EDGE_LOOP('',(#514,#515,#516,#517,#518,#519));
#1637=EDGE_LOOP('',(#520));
#1638=EDGE_LOOP('',(#521));
#1639=EDGE_LOOP('',(#522,#523,#524,#525));
#1640=EDGE_LOOP('',(#526,#527,#528,#529));
#1641=EDGE_LOOP('',(#530,#531,#532,#533));
#1642=EDGE_LOOP('',(#534,#535,#536,#537));
#1643=EDGE_LOOP('',(#538,#539,#540,#541));
#1644=EDGE_LOOP('',(#542,#543,#544,#545));
#1645=EDGE_LOOP('',(#546,#547,#548,#549));
#1646=EDGE_LOOP('',(#550,#551,#552,#553));
#1647=EDGE_LOOP('',(#554,#555,#556,#557));
#1648=EDGE_LOOP('',(#558,#559,#560,#561));
#1649=EDGE_LOOP('',(#562,#563,#564,#565));
#1650=EDGE_LOOP('',(#566,#567,#568,#569));
#1651=EDGE_LOOP('',(#570,#571,#572,#573));
#1652=EDGE_LOOP('',(#574,#575,#576));
#1653=EDGE_LOOP('',(#577,#578,#579,#580));
#1654=EDGE_LOOP('',(#581,#582,#583));
#1655=EDGE_LOOP('',(#584,#585,#586,#587));
#1656=EDGE_LOOP('',(#588,#589,#590));
#1657=EDGE_LOOP('',(#591,#592,#593,#594));
#1658=EDGE_LOOP('',(#595,#596,#597,#598));
#1659=EDGE_LOOP('',(#599,#600,#601,#602));
#1660=EDGE_LOOP('',(#603,#604,#605,#606));
#1661=EDGE_LOOP('',(#607,#608,#609,#610));
#1662=EDGE_LOOP('',(#611,#612,#613,#614));
#1663=EDGE_LOOP('',(#615,#616,#617,#618));
#1664=EDGE_LOOP('',(#619,#620,#621,#622));
#1665=EDGE_LOOP('',(#623,#624,#625,#626));
#1666=EDGE_LOOP('',(#627,#628,#629,#630));
#1667=EDGE_LOOP('',(#631,#632,#633,#634));
#1668=EDGE_LOOP('',(#635,#636,#637));
#1669=EDGE_LOOP('',(#638,#639,#640,#641));
#1670=EDGE_LOOP('',(#642,#643,#644,#645));
#1671=EDGE_LOOP('',(#646,#647,#648));
#1672=EDGE_LOOP('',(#649,#650,#651,#652));
#1673=EDGE_LOOP('',(#653,#654,#655,#656));
#1674=EDGE_LOOP('',(#657,#658,#659,#660));
#1675=EDGE_LOOP('',(#661,#662,#663,#664));
#1676=EDGE_LOOP('',(#665,#666,#667));
#1677=EDGE_LOOP('',(#668,#669,#670,#671));
#1678=EDGE_LOOP('',(#672,#673,#674));
#1679=EDGE_LOOP('',(#675,#676,#677,#678));
#1680=EDGE_LOOP('',(#679,#680,#681));
#1681=EDGE_LOOP('',(#682,#683,#684,#685));
#1682=EDGE_LOOP('',(#686,#687,#688,#689));
#1683=EDGE_LOOP('',(#690,#691,#692,#693));
#1684=EDGE_LOOP('',(#694,#695,#696,#697));
#1685=EDGE_LOOP('',(#698,#699,#700,#701));
#1686=EDGE_LOOP('',(#702,#703,#704,#705));
#1687=EDGE_LOOP('',(#706,#707,#708,#709));
#1688=EDGE_LOOP('',(#710,#711,#712,#713));
#1689=EDGE_LOOP('',(#714,#715,#716,#717));
#1690=EDGE_LOOP('',(#718,#719,#720));
#1691=EDGE_LOOP('',(#721,#722,#723,#724));
#1692=EDGE_LOOP('',(#725,#726,#727));
#1693=EDGE_LOOP('',(#728,#729,#730,#731));
#1694=EDGE_LOOP('',(#732,#733,#734,#735));
#1695=EDGE_LOOP('',(#736,#737,#738,#739));
#1696=EDGE_LOOP('',(#740,#741,#742,#743));
#1697=EDGE_LOOP('',(#744,#745,#746,#747));
#1698=EDGE_LOOP('',(#748,#749,#750));
#1699=EDGE_LOOP('',(#751,#752,#753,#754));
#1700=EDGE_LOOP('',(#755,#756,#757));
#1701=EDGE_LOOP('',(#758,#759,#760));
#1702=EDGE_LOOP('',(#761,#762,#763,#764));
#1703=EDGE_LOOP('',(#765,#766,#767));
#1704=EDGE_LOOP('',(#768,#769,#770,#771));
#1705=EDGE_LOOP('',(#772,#773,#774,#775));
#1706=EDGE_LOOP('',(#776,#777,#778,#779));
#1707=EDGE_LOOP('',(#780,#781,#782,#783));
#1708=EDGE_LOOP('',(#784,#785,#786,#787,#788,#789));
#1709=EDGE_LOOP('',(#790,#791,#792,#793,#794,#795));
#1710=EDGE_LOOP('',(#796,#797,#798,#799,#800,#801));
#1711=EDGE_LOOP('',(#802,#803,#804,#805,#806,#807));
#1712=EDGE_LOOP('',(#808,#809,#810,#811));
#1713=EDGE_LOOP('',(#812,#813,#814,#815));
#1714=EDGE_LOOP('',(#816,#817,#818,#819));
#1715=EDGE_LOOP('',(#820,#821,#822,#823));
#1716=EDGE_LOOP('',(#824,#825,#826,#827));
#1717=EDGE_LOOP('',(#828,#829,#830,#831));
#1718=EDGE_LOOP('',(#832,#833,#834,#835));
#1719=EDGE_LOOP('',(#836,#837,#838,#839));
#1720=EDGE_LOOP('',(#840,#841,#842,#843));
#1721=EDGE_LOOP('',(#844,#845,#846,#847));
#1722=EDGE_LOOP('',(#848,#849,#850,#851));
#1723=EDGE_LOOP('',(#852,#853,#854,#855));
#1724=EDGE_LOOP('',(#856,#857,#858,#859));
#1725=EDGE_LOOP('',(#860,#861,#862,#863));
#1726=EDGE_LOOP('',(#864,#865,#866,#867));
#1727=EDGE_LOOP('',(#868,#869,#870,#871));
#1728=EDGE_LOOP('',(#872,#873,#874,#875));
#1729=EDGE_LOOP('',(#876,#877,#878,#879));
#1730=EDGE_LOOP('',(#880,#881,#882,#883));
#1731=EDGE_LOOP('',(#884,#885,#886,#887));
#1732=EDGE_LOOP('',(#888,#889,#890,#891));
#1733=EDGE_LOOP('',(#892,#893,#894,#895));
#1734=EDGE_LOOP('',(#896,#897,#898,#899));
#1735=EDGE_LOOP('',(#900,#901,#902,#903));
#1736=FACE_BOUND('',#1576,.T.);
#1737=FACE_BOUND('',#1577,.T.);
#1738=FACE_BOUND('',#1578,.T.);
#1739=FACE_BOUND('',#1579,.T.);
#1740=FACE_BOUND('',#1580,.T.);
#1741=FACE_BOUND('',#1581,.T.);
#1742=FACE_BOUND('',#1582,.T.);
#1743=FACE_BOUND('',#1583,.T.);
#1744=FACE_BOUND('',#1584,.T.);
#1745=FACE_BOUND('',#1585,.T.);
#1746=FACE_BOUND('',#1586,.T.);
#1747=FACE_BOUND('',#1587,.T.);
#1748=FACE_BOUND('',#1588,.T.);
#1749=FACE_BOUND('',#1589,.T.);
#1750=FACE_BOUND('',#1590,.T.);
#1751=FACE_BOUND('',#1591,.T.);
#1752=FACE_BOUND('',#1592,.T.);
#1753=FACE_BOUND('',#1593,.T.);
#1754=FACE_BOUND('',#1594,.T.);
#1755=FACE_BOUND('',#1595,.T.);
#1756=FACE_BOUND('',#1596,.T.);
#1757=FACE_BOUND('',#1597,.T.);
#1758=FACE_BOUND('',#1598,.T.);
#1759=FACE_BOUND('',#1599,.T.);
#1760=FACE_BOUND('',#1600,.T.);
#1761=FACE_BOUND('',#1601,.T.);
#1762=FACE_BOUND('',#1602,.T.);
#1763=FACE_BOUND('',#1603,.T.);
#1764=FACE_BOUND('',#1604,.T.);
#1765=FACE_BOUND('',#1605,.T.);
#1766=FACE_BOUND('',#1606,.T.);
#1767=FACE_BOUND('',#1607,.T.);
#1768=FACE_BOUND('',#1608,.T.);
#1769=FACE_BOUND('',#1609,.T.);
#1770=FACE_BOUND('',#1610,.T.);
#1771=FACE_BOUND('',#1611,.T.);
#1772=FACE_BOUND('',#1612,.T.);
#1773=FACE_BOUND('',#1613,.T.);
#1774=FACE_BOUND('',#1614,.T.);
#1775=FACE_BOUND('',#1615,.T.);
#1776=FACE_BOUND('',#1616,.T.);
#1777=FACE_BOUND('',#1617,.T.);
#1778=FACE_BOUND('',#1618,.T.);
#1779=FACE_BOUND('',#1619,.T.);
#1780=FACE_BOUND('',#1620,.T.);
#1781=FACE_BOUND('',#1621,.T.);
#1782=FACE_BOUND('',#1622,.T.);
#1783=FACE_BOUND('',#1623,.T.);
#1784=FACE_BOUND('',#1624,.T.);
#1785=FACE_BOUND('',#1625,.T.);
#1786=FACE_BOUND('',#1626,.T.);
#1787=FACE_BOUND('',#1627,.T.);
#1788=FACE_BOUND('',#1628,.T.);
#1789=FACE_BOUND('',#1629,.T.);
#1790=FACE_BOUND('',#1630,.T.);
#1791=FACE_BOUND('',#1631,.T.);
#1792=FACE_BOUND('',#1632,.T.);
#1793=FACE_BOUND('',#1633,.T.);
#1794=FACE_BOUND('',#1634,.T.);
#1795=FACE_BOUND('',#1635,.T.);
#1796=FACE_BOUND('',#1636,.T.);
#1797=FACE_BOUND('',#1637,.T.);
#1798=FACE_BOUND('',#1638,.T.);
#1799=FACE_BOUND('',#1639,.T.);
#1800=FACE_BOUND('',#1640,.T.);
#1801=FACE_BOUND('',#1641,.T.);
#1802=FACE_BOUND('',#1642,.T.);
#1803=FACE_BOUND('',#1643,.T.);
#1804=FACE_BOUND('',#1644,.T.);
#1805=FACE_BOUND('',#1645,.T.);
#1806=FACE_BOUND('',#1646,.T.);
#1807=FACE_BOUND('',#1647,.T.);
#1808=FACE_BOUND('',#1648,.T.);
#1809=FACE_BOUND('',#1649,.T.);
#1810=FACE_BOUND('',#1650,.T.);
#1811=FACE_BOUND('',#1651,.T.);
#1812=FACE_BOUND('',#1652,.T.);
#1813=FACE_BOUND('',#1653,.T.);
#1814=FACE_BOUND('',#1654,.T.);
#1815=FACE_BOUND('',#1655,.T.);
#1816=FACE_BOUND('',#1656,.T.);
#1817=FACE_BOUND('',#1657,.T.);
#1818=FACE_BOUND('',#1658,.T.);
#1819=FACE_BOUND('',#1659,.T.);
#1820=FACE_BOUND('',#1660,.T.);
#1821=FACE_BOUND('',#1661,.T.);
#1822=FACE_BOUND('',#1662,.T.);
#1823=FACE_BOUND('',#1663,.T.);
#1824=FACE_BOUND('',#1664,.T.);
#1825=FACE_BOUND('',#1665,.T.);
#1826=FACE_BOUND('',#1666,.T.);
#1827=FACE_BOUND('',#1667,.T.);
#1828=FACE_BOUND('',#1668,.T.);
#1829=FACE_BOUND('',#1669,.T.);
#1830=FACE_BOUND('',#1670,.T.);
#1831=FACE_BOUND('',#1671,.T.);
#1832=FACE_BOUND('',#1672,.T.);
#1833=FACE_BOUND('',#1673,.T.);
#1834=FACE_BOUND('',#1674,.T.);
#1835=FACE_BOUND('',#1675,.T.);
#1836=FACE_BOUND('',#1676,.T.);
#1837=FACE_BOUND('',#1677,.T.);
#1838=FACE_BOUND('',#1678,.T.);
#1839=FACE_BOUND('',#1679,.T.);
#1840=FACE_BOUND('',#1680,.T.);
#1841=FACE_BOUND('',#1681,.T.);
#1842=FACE_BOUND('',#1682,.T.);
#1843=FACE_BOUND('',#1683,.T.);
#1844=FACE_BOUND('',#1684,.T.);
#1845=FACE_BOUND('',#1685,.T.);
#1846=FACE_BOUND('',#1686,.T.);
#1847=FACE_BOUND('',#1687,.T.);
#1848=FACE_BOUND('',#1688,.T.);
#1849=FACE_BOUND('',#1689,.T.);
#1850=FACE_BOUND('',#1690,.T.);
#1851=FACE_BOUND('',#1691,.T.);
#1852=FACE_BOUND('',#1692,.T.);
#1853=FACE_BOUND('',#1693,.T.);
#1854=FACE_BOUND('',#1694,.T.);
#1855=FACE_BOUND('',#1695,.T.);
#1856=FACE_BOUND('',#1696,.T.);
#1857=FACE_BOUND('',#1697,.T.);
#1858=FACE_BOUND('',#1698,.T.);
#1859=FACE_BOUND('',#1699,.T.);
#1860=FACE_BOUND('',#1700,.T.);
#1861=FACE_BOUND('',#1701,.T.);
#1862=FACE_BOUND('',#1702,.T.);
#1863=FACE_BOUND('',#1703,.T.);
#1864=FACE_BOUND('',#1704,.T.);
#1865=FACE_BOUND('',#1705,.T.);
#1866=FACE_BOUND('',#1706,.T.);
#1867=FACE_BOUND('',#1707,.T.);
#1868=FACE_BOUND('',#1708,.T.);
#1869=FACE_BOUND('',#1709,.T.);
#1870=FACE_BOUND('',#1710,.T.);
#1871=FACE_BOUND('',#1711,.T.);
#1872=FACE_BOUND('',#1712,.T.);
#1873=FACE_BOUND('',#1713,.T.);
#1874=FACE_BOUND('',#1714,.T.);
#1875=FACE_BOUND('',#1715,.T.);
#1876=FACE_BOUND('',#1716,.T.);
#1877=FACE_BOUND('',#1717,.T.);
#1878=FACE_BOUND('',#1718,.T.);
#1879=FACE_BOUND('',#1719,.T.);
#1880=FACE_BOUND('',#1720,.T.);
#1881=FACE_BOUND('',#1721,.T.);
#1882=FACE_BOUND('',#1722,.T.);
#1883=FACE_BOUND('',#1723,.T.);
#1884=FACE_BOUND('',#1724,.T.);
#1885=FACE_BOUND('',#1725,.T.);
#1886=FACE_BOUND('',#1726,.T.);
#1887=FACE_BOUND('',#1727,.T.);
#1888=FACE_BOUND('',#1728,.T.);
#1889=FACE_BOUND('',#1729,.T.);
#1890=FACE_BOUND('',#1730,.T.);
#1891=FACE_BOUND('',#1731,.T.);
#1892=FACE_BOUND('',#1732,.T.);
#1893=FACE_BOUND('',#1733,.T.);
#1894=FACE_BOUND('',#1734,.T.);
#1895=FACE_BOUND('',#1735,.T.);
#1896=PLANE('',#3003);
#1897=PLANE('',#3004);
#1898=PLANE('',#3005);
#1899=PLANE('',#3010);
#1900=PLANE('',#3027);
#1901=PLANE('',#3028);
#1902=PLANE('',#3031);
#1903=PLANE('',#3055);
#1904=PLANE('',#3060);
#1905=PLANE('',#3070);
#1906=PLANE('',#3073);
#1907=PLANE('',#3079);
#1908=PLANE('',#3082);
#1909=PLANE('',#3087);
#1910=PLANE('',#3088);
#1911=PLANE('',#3093);
#1912=PLANE('',#3197);
#1913=PLANE('',#3198);
#1914=PLANE('',#3199);
#1915=PLANE('',#3200);
#1916=PLANE('',#3245);
#1917=PLANE('',#3246);
#1918=PLANE('',#3247);
#1919=PLANE('',#3248);
#1920=PLANE('',#3249);
#1921=PLANE('',#3250);
#1922=PLANE('',#3251);
#1923=PLANE('',#3252);
#1924=STYLED_ITEM('',(#2058),#2864);
#1925=STYLED_ITEM('',(#2059),#2865);
#1926=STYLED_ITEM('',(#2060),#2866);
#1927=STYLED_ITEM('',(#2061),#2867);
#1928=STYLED_ITEM('',(#2062),#2868);
#1929=STYLED_ITEM('',(#2063),#2869);
#1930=STYLED_ITEM('',(#2064),#2870);
#1931=STYLED_ITEM('',(#2065),#2871);
#1932=STYLED_ITEM('',(#2066),#2872);
#1933=STYLED_ITEM('',(#2067),#2873);
#1934=STYLED_ITEM('',(#2068),#2874);
#1935=STYLED_ITEM('',(#2069),#2875);
#1936=STYLED_ITEM('',(#2070),#2876);
#1937=STYLED_ITEM('',(#2071),#2877);
#1938=STYLED_ITEM('',(#2072),#2878);
#1939=STYLED_ITEM('',(#2073),#2879);
#1940=STYLED_ITEM('',(#2074),#2880);
#1941=STYLED_ITEM('',(#2075),#2881);
#1942=STYLED_ITEM('',(#2076),#2882);
#1943=STYLED_ITEM('',(#2077),#2883);
#1944=STYLED_ITEM('',(#2078),#2884);
#1945=STYLED_ITEM('',(#2079),#2885);
#1946=STYLED_ITEM('',(#2080),#2886);
#1947=STYLED_ITEM('',(#2081),#2887);
#1948=STYLED_ITEM('',(#2082),#2888);
#1949=STYLED_ITEM('',(#2083),#2889);
#1950=STYLED_ITEM('',(#2084),#2890);
#1951=STYLED_ITEM('',(#2085),#2891);
#1952=STYLED_ITEM('',(#2086),#2892);
#1953=STYLED_ITEM('',(#2087),#2893);
#1954=STYLED_ITEM('',(#2088),#2894);
#1955=STYLED_ITEM('',(#2089),#2895);
#1956=STYLED_ITEM('',(#2090),#2896);
#1957=STYLED_ITEM('',(#2091),#2897);
#1958=STYLED_ITEM('',(#2092),#2898);
#1959=STYLED_ITEM('',(#2093),#2899);
#1960=STYLED_ITEM('',(#2094),#2900);
#1961=STYLED_ITEM('',(#2095),#2901);
#1962=STYLED_ITEM('',(#2096),#2902);
#1963=STYLED_ITEM('',(#2097),#2903);
#1964=STYLED_ITEM('',(#2098),#2904);
#1965=STYLED_ITEM('',(#2099),#2905);
#1966=STYLED_ITEM('',(#2100),#2906);
#1967=STYLED_ITEM('',(#2101),#2907);
#1968=STYLED_ITEM('',(#2102),#2908);
#1969=STYLED_ITEM('',(#2103),#2909);
#1970=STYLED_ITEM('',(#2104),#2910);
#1971=STYLED_ITEM('',(#2105),#2911);
#1972=STYLED_ITEM('',(#2106),#2912);
#1973=STYLED_ITEM('',(#2107),#2913);
#1974=STYLED_ITEM('',(#2108),#2914);
#1975=STYLED_ITEM('',(#2109),#2915);
#1976=STYLED_ITEM('',(#2110),#2916);
#1977=STYLED_ITEM('',(#2111),#2917);
#1978=STYLED_ITEM('',(#2112),#2918);
#1979=STYLED_ITEM('',(#2113),#2919);
#1980=STYLED_ITEM('',(#2114),#2920);
#1981=STYLED_ITEM('',(#2115),#2921);
#1982=STYLED_ITEM('',(#2116),#2922);
#1983=STYLED_ITEM('',(#2117),#2923);
#1984=STYLED_ITEM('',(#2118),#2924);
#1985=STYLED_ITEM('',(#2119),#2925);
#1986=STYLED_ITEM('',(#2120),#2926);
#1987=STYLED_ITEM('',(#2121),#2927);
#1988=STYLED_ITEM('',(#2122),#2928);
#1989=STYLED_ITEM('',(#2123),#2929);
#1990=STYLED_ITEM('',(#2124),#2930);
#1991=STYLED_ITEM('',(#2125),#2931);
#1992=STYLED_ITEM('',(#2126),#2932);
#1993=STYLED_ITEM('',(#2127),#2933);
#1994=STYLED_ITEM('',(#2128),#2934);
#1995=STYLED_ITEM('',(#2129),#2935);
#1996=STYLED_ITEM('',(#2130),#2936);
#1997=STYLED_ITEM('',(#2131),#2937);
#1998=STYLED_ITEM('',(#2132),#2938);
#1999=STYLED_ITEM('',(#2133),#2939);
#2000=STYLED_ITEM('',(#2134),#2940);
#2001=STYLED_ITEM('',(#2135),#2941);
#2002=STYLED_ITEM('',(#2136),#2942);
#2003=STYLED_ITEM('',(#2137),#2943);
#2004=STYLED_ITEM('',(#2138),#2944);
#2005=STYLED_ITEM('',(#2139),#2945);
#2006=STYLED_ITEM('',(#2140),#2946);
#2007=STYLED_ITEM('',(#2141),#2947);
#2008=STYLED_ITEM('',(#2142),#2948);
#2009=STYLED_ITEM('',(#2143),#2949);
#2010=STYLED_ITEM('',(#2144),#2950);
#2011=STYLED_ITEM('',(#2145),#2951);
#2012=STYLED_ITEM('',(#2146),#2952);
#2013=STYLED_ITEM('',(#2147),#2953);
#2014=STYLED_ITEM('',(#2148),#2954);
#2015=STYLED_ITEM('',(#2149),#2955);
#2016=STYLED_ITEM('',(#2150),#2956);
#2017=STYLED_ITEM('',(#2151),#2957);
#2018=STYLED_ITEM('',(#2152),#2958);
#2019=STYLED_ITEM('',(#2153),#2959);
#2020=STYLED_ITEM('',(#2154),#2960);
#2021=STYLED_ITEM('',(#2155),#2961);
#2022=STYLED_ITEM('',(#2156),#2962);
#2023=STYLED_ITEM('',(#2157),#2963);
#2024=STYLED_ITEM('',(#2158),#2964);
#2025=STYLED_ITEM('',(#2159),#2965);
#2026=STYLED_ITEM('',(#2160),#2966);
#2027=STYLED_ITEM('',(#2161),#2967);
#2028=STYLED_ITEM('',(#2162),#2968);
#2029=STYLED_ITEM('',(#2163),#2969);
#2030=STYLED_ITEM('',(#2164),#2970);
#2031=STYLED_ITEM('',(#2165),#2971);
#2032=STYLED_ITEM('',(#2166),#2972);
#2033=STYLED_ITEM('',(#2167),#2973);
#2034=STYLED_ITEM('',(#2168),#2974);
#2035=STYLED_ITEM('',(#2169),#2975);
#2036=STYLED_ITEM('',(#2170),#2976);
#2037=STYLED_ITEM('',(#2171),#2977);
#2038=STYLED_ITEM('',(#2172),#2978);
#2039=STYLED_ITEM('',(#2173),#2979);
#2040=STYLED_ITEM('',(#2174),#2980);
#2041=STYLED_ITEM('',(#2175),#2981);
#2042=STYLED_ITEM('',(#2176),#2982);
#2043=STYLED_ITEM('',(#2177),#2983);
#2044=STYLED_ITEM('',(#2178),#2984);
#2045=STYLED_ITEM('',(#2179),#2985);
#2046=STYLED_ITEM('',(#2180),#2986);
#2047=STYLED_ITEM('',(#2181),#2987);
#2048=STYLED_ITEM('',(#2182),#2988);
#2049=STYLED_ITEM('',(#2183),#2989);
#2050=STYLED_ITEM('',(#2184),#2990);
#2051=STYLED_ITEM('',(#2185),#2991);
#2052=STYLED_ITEM('',(#2186),#2992);
#2053=STYLED_ITEM('',(#2187),#2993);
#2054=STYLED_ITEM('',(#2188),#2994);
#2055=STYLED_ITEM('',(#2189),#2995);
#2056=STYLED_ITEM('',(#2190),#2996);
#2057=STYLED_ITEM('',(#2191),#2997);
#2058=PRESENTATION_STYLE_ASSIGNMENT((#2192));
#2059=PRESENTATION_STYLE_ASSIGNMENT((#2193));
#2060=PRESENTATION_STYLE_ASSIGNMENT((#2194));
#2061=PRESENTATION_STYLE_ASSIGNMENT((#2195));
#2062=PRESENTATION_STYLE_ASSIGNMENT((#2196));
#2063=PRESENTATION_STYLE_ASSIGNMENT((#2197));
#2064=PRESENTATION_STYLE_ASSIGNMENT((#2198));
#2065=PRESENTATION_STYLE_ASSIGNMENT((#2199));
#2066=PRESENTATION_STYLE_ASSIGNMENT((#2200));
#2067=PRESENTATION_STYLE_ASSIGNMENT((#2201));
#2068=PRESENTATION_STYLE_ASSIGNMENT((#2202));
#2069=PRESENTATION_STYLE_ASSIGNMENT((#2203));
#2070=PRESENTATION_STYLE_ASSIGNMENT((#2204));
#2071=PRESENTATION_STYLE_ASSIGNMENT((#2205));
#2072=PRESENTATION_STYLE_ASSIGNMENT((#2206));
#2073=PRESENTATION_STYLE_ASSIGNMENT((#2207));
#2074=PRESENTATION_STYLE_ASSIGNMENT((#2208));
#2075=PRESENTATION_STYLE_ASSIGNMENT((#2209));
#2076=PRESENTATION_STYLE_ASSIGNMENT((#2210));
#2077=PRESENTATION_STYLE_ASSIGNMENT((#2211));
#2078=PRESENTATION_STYLE_ASSIGNMENT((#2212));
#2079=PRESENTATION_STYLE_ASSIGNMENT((#2213));
#2080=PRESENTATION_STYLE_ASSIGNMENT((#2214));
#2081=PRESENTATION_STYLE_ASSIGNMENT((#2215));
#2082=PRESENTATION_STYLE_ASSIGNMENT((#2216));
#2083=PRESENTATION_STYLE_ASSIGNMENT((#2217));
#2084=PRESENTATION_STYLE_ASSIGNMENT((#2218));
#2085=PRESENTATION_STYLE_ASSIGNMENT((#2219));
#2086=PRESENTATION_STYLE_ASSIGNMENT((#2220));
#2087=PRESENTATION_STYLE_ASSIGNMENT((#2221));
#2088=PRESENTATION_STYLE_ASSIGNMENT((#2222));
#2089=PRESENTATION_STYLE_ASSIGNMENT((#2223));
#2090=PRESENTATION_STYLE_ASSIGNMENT((#2224));
#2091=PRESENTATION_STYLE_ASSIGNMENT((#2225));
#2092=PRESENTATION_STYLE_ASSIGNMENT((#2226));
#2093=PRESENTATION_STYLE_ASSIGNMENT((#2227));
#2094=PRESENTATION_STYLE_ASSIGNMENT((#2228));
#2095=PRESENTATION_STYLE_ASSIGNMENT((#2229));
#2096=PRESENTATION_STYLE_ASSIGNMENT((#2230));
#2097=PRESENTATION_STYLE_ASSIGNMENT((#2231));
#2098=PRESENTATION_STYLE_ASSIGNMENT((#2232));
#2099=PRESENTATION_STYLE_ASSIGNMENT((#2233));
#2100=PRESENTATION_STYLE_ASSIGNMENT((#2234));
#2101=PRESENTATION_STYLE_ASSIGNMENT((#2235));
#2102=PRESENTATION_STYLE_ASSIGNMENT((#2236));
#2103=PRESENTATION_STYLE_ASSIGNMENT((#2237));
#2104=PRESENTATION_STYLE_ASSIGNMENT((#2238));
#2105=PRESENTATION_STYLE_ASSIGNMENT((#2239));
#2106=PRESENTATION_STYLE_ASSIGNMENT((#2240));
#2107=PRESENTATION_STYLE_ASSIGNMENT((#2241));
#2108=PRESENTATION_STYLE_ASSIGNMENT((#2242));
#2109=PRESENTATION_STYLE_ASSIGNMENT((#2243));
#2110=PRESENTATION_STYLE_ASSIGNMENT((#2244));
#2111=PRESENTATION_STYLE_ASSIGNMENT((#2245));
#2112=PRESENTATION_STYLE_ASSIGNMENT((#2246));
#2113=PRESENTATION_STYLE_ASSIGNMENT((#2247));
#2114=PRESENTATION_STYLE_ASSIGNMENT((#2248));
#2115=PRESENTATION_STYLE_ASSIGNMENT((#2249));
#2116=PRESENTATION_STYLE_ASSIGNMENT((#2250));
#2117=PRESENTATION_STYLE_ASSIGNMENT((#2251));
#2118=PRESENTATION_STYLE_ASSIGNMENT((#2252));
#2119=PRESENTATION_STYLE_ASSIGNMENT((#2253));
#2120=PRESENTATION_STYLE_ASSIGNMENT((#2254));
#2121=PRESENTATION_STYLE_ASSIGNMENT((#2255));
#2122=PRESENTATION_STYLE_ASSIGNMENT((#2256));
#2123=PRESENTATION_STYLE_ASSIGNMENT((#2257));
#2124=PRESENTATION_STYLE_ASSIGNMENT((#2258));
#2125=PRESENTATION_STYLE_ASSIGNMENT((#2259));
#2126=PRESENTATION_STYLE_ASSIGNMENT((#2260));
#2127=PRESENTATION_STYLE_ASSIGNMENT((#2261));
#2128=PRESENTATION_STYLE_ASSIGNMENT((#2262));
#2129=PRESENTATION_STYLE_ASSIGNMENT((#2263));
#2130=PRESENTATION_STYLE_ASSIGNMENT((#2264));
#2131=PRESENTATION_STYLE_ASSIGNMENT((#2265));
#2132=PRESENTATION_STYLE_ASSIGNMENT((#2266));
#2133=PRESENTATION_STYLE_ASSIGNMENT((#2267));
#2134=PRESENTATION_STYLE_ASSIGNMENT((#2268));
#2135=PRESENTATION_STYLE_ASSIGNMENT((#2269));
#2136=PRESENTATION_STYLE_ASSIGNMENT((#2270));
#2137=PRESENTATION_STYLE_ASSIGNMENT((#2271));
#2138=PRESENTATION_STYLE_ASSIGNMENT((#2272));
#2139=PRESENTATION_STYLE_ASSIGNMENT((#2273));
#2140=PRESENTATION_STYLE_ASSIGNMENT((#2274));
#2141=PRESENTATION_STYLE_ASSIGNMENT((#2275));
#2142=PRESENTATION_STYLE_ASSIGNMENT((#2276));
#2143=PRESENTATION_STYLE_ASSIGNMENT((#2277));
#2144=PRESENTATION_STYLE_ASSIGNMENT((#2278));
#2145=PRESENTATION_STYLE_ASSIGNMENT((#2279));
#2146=PRESENTATION_STYLE_ASSIGNMENT((#2280));
#2147=PRESENTATION_STYLE_ASSIGNMENT((#2281));
#2148=PRESENTATION_STYLE_ASSIGNMENT((#2282));
#2149=PRESENTATION_STYLE_ASSIGNMENT((#2283));
#2150=PRESENTATION_STYLE_ASSIGNMENT((#2284));
#2151=PRESENTATION_STYLE_ASSIGNMENT((#2285));
#2152=PRESENTATION_STYLE_ASSIGNMENT((#2286));
#2153=PRESENTATION_STYLE_ASSIGNMENT((#2287));
#2154=PRESENTATION_STYLE_ASSIGNMENT((#2288));
#2155=PRESENTATION_STYLE_ASSIGNMENT((#2289));
#2156=PRESENTATION_STYLE_ASSIGNMENT((#2290));
#2157=PRESENTATION_STYLE_ASSIGNMENT((#2291));
#2158=PRESENTATION_STYLE_ASSIGNMENT((#2292));
#2159=PRESENTATION_STYLE_ASSIGNMENT((#2293));
#2160=PRESENTATION_STYLE_ASSIGNMENT((#2294));
#2161=PRESENTATION_STYLE_ASSIGNMENT((#2295));
#2162=PRESENTATION_STYLE_ASSIGNMENT((#2296));
#2163=PRESENTATION_STYLE_ASSIGNMENT((#2297));
#2164=PRESENTATION_STYLE_ASSIGNMENT((#2298));
#2165=PRESENTATION_STYLE_ASSIGNMENT((#2299));
#2166=PRESENTATION_STYLE_ASSIGNMENT((#2300));
#2167=PRESENTATION_STYLE_ASSIGNMENT((#2301));
#2168=PRESENTATION_STYLE_ASSIGNMENT((#2302));
#2169=PRESENTATION_STYLE_ASSIGNMENT((#2303));
#2170=PRESENTATION_STYLE_ASSIGNMENT((#2304));
#2171=PRESENTATION_STYLE_ASSIGNMENT((#2305));
#2172=PRESENTATION_STYLE_ASSIGNMENT((#2306));
#2173=PRESENTATION_STYLE_ASSIGNMENT((#2307));
#2174=PRESENTATION_STYLE_ASSIGNMENT((#2308));
#2175=PRESENTATION_STYLE_ASSIGNMENT((#2309));
#2176=PRESENTATION_STYLE_ASSIGNMENT((#2310));
#2177=PRESENTATION_STYLE_ASSIGNMENT((#2311));
#2178=PRESENTATION_STYLE_ASSIGNMENT((#2312));
#2179=PRESENTATION_STYLE_ASSIGNMENT((#2313));
#2180=PRESENTATION_STYLE_ASSIGNMENT((#2314));
#2181=PRESENTATION_STYLE_ASSIGNMENT((#2315));
#2182=PRESENTATION_STYLE_ASSIGNMENT((#2316));
#2183=PRESENTATION_STYLE_ASSIGNMENT((#2317));
#2184=PRESENTATION_STYLE_ASSIGNMENT((#2318));
#2185=PRESENTATION_STYLE_ASSIGNMENT((#2319));
#2186=PRESENTATION_STYLE_ASSIGNMENT((#2320));
#2187=PRESENTATION_STYLE_ASSIGNMENT((#2321));
#2188=PRESENTATION_STYLE_ASSIGNMENT((#2322));
#2189=PRESENTATION_STYLE_ASSIGNMENT((#2323));
#2190=PRESENTATION_STYLE_ASSIGNMENT((#2324));
#2191=PRESENTATION_STYLE_ASSIGNMENT((#2325));
#2192=SURFACE_STYLE_USAGE(.BOTH.,#2326);
#2193=SURFACE_STYLE_USAGE(.BOTH.,#2327);
#2194=SURFACE_STYLE_USAGE(.BOTH.,#2328);
#2195=SURFACE_STYLE_USAGE(.BOTH.,#2329);
#2196=SURFACE_STYLE_USAGE(.BOTH.,#2330);
#2197=SURFACE_STYLE_USAGE(.BOTH.,#2331);
#2198=SURFACE_STYLE_USAGE(.BOTH.,#2332);
#2199=SURFACE_STYLE_USAGE(.BOTH.,#2333);
#2200=SURFACE_STYLE_USAGE(.BOTH.,#2334);
#2201=SURFACE_STYLE_USAGE(.BOTH.,#2335);
#2202=SURFACE_STYLE_USAGE(.BOTH.,#2336);
#2203=SURFACE_STYLE_USAGE(.BOTH.,#2337);
#2204=SURFACE_STYLE_USAGE(.BOTH.,#2338);
#2205=SURFACE_STYLE_USAGE(.BOTH.,#2339);
#2206=SURFACE_STYLE_USAGE(.BOTH.,#2340);
#2207=SURFACE_STYLE_USAGE(.BOTH.,#2341);
#2208=SURFACE_STYLE_USAGE(.BOTH.,#2342);
#2209=SURFACE_STYLE_USAGE(.BOTH.,#2343);
#2210=SURFACE_STYLE_USAGE(.BOTH.,#2344);
#2211=SURFACE_STYLE_USAGE(.BOTH.,#2345);
#2212=SURFACE_STYLE_USAGE(.BOTH.,#2346);
#2213=SURFACE_STYLE_USAGE(.BOTH.,#2347);
#2214=SURFACE_STYLE_USAGE(.BOTH.,#2348);
#2215=SURFACE_STYLE_USAGE(.BOTH.,#2349);
#2216=SURFACE_STYLE_USAGE(.BOTH.,#2350);
#2217=SURFACE_STYLE_USAGE(.BOTH.,#2351);
#2218=SURFACE_STYLE_USAGE(.BOTH.,#2352);
#2219=SURFACE_STYLE_USAGE(.BOTH.,#2353);
#2220=SURFACE_STYLE_USAGE(.BOTH.,#2354);
#2221=SURFACE_STYLE_USAGE(.BOTH.,#2355);
#2222=SURFACE_STYLE_USAGE(.BOTH.,#2356);
#2223=SURFACE_STYLE_USAGE(.BOTH.,#2357);
#2224=SURFACE_STYLE_USAGE(.BOTH.,#2358);
#2225=SURFACE_STYLE_USAGE(.BOTH.,#2359);
#2226=SURFACE_STYLE_USAGE(.BOTH.,#2360);
#2227=SURFACE_STYLE_USAGE(.BOTH.,#2361);
#2228=SURFACE_STYLE_USAGE(.BOTH.,#2362);
#2229=SURFACE_STYLE_USAGE(.BOTH.,#2363);
#2230=SURFACE_STYLE_USAGE(.BOTH.,#2364);
#2231=SURFACE_STYLE_USAGE(.BOTH.,#2365);
#2232=SURFACE_STYLE_USAGE(.BOTH.,#2366);
#2233=SURFACE_STYLE_USAGE(.BOTH.,#2367);
#2234=SURFACE_STYLE_USAGE(.BOTH.,#2368);
#2235=SURFACE_STYLE_USAGE(.BOTH.,#2369);
#2236=SURFACE_STYLE_USAGE(.BOTH.,#2370);
#2237=SURFACE_STYLE_USAGE(.BOTH.,#2371);
#2238=SURFACE_STYLE_USAGE(.BOTH.,#2372);
#2239=SURFACE_STYLE_USAGE(.BOTH.,#2373);
#2240=SURFACE_STYLE_USAGE(.BOTH.,#2374);
#2241=SURFACE_STYLE_USAGE(.BOTH.,#2375);
#2242=SURFACE_STYLE_USAGE(.BOTH.,#2376);
#2243=SURFACE_STYLE_USAGE(.BOTH.,#2377);
#2244=SURFACE_STYLE_USAGE(.BOTH.,#2378);
#2245=SURFACE_STYLE_USAGE(.BOTH.,#2379);
#2246=SURFACE_STYLE_USAGE(.BOTH.,#2380);
#2247=SURFACE_STYLE_USAGE(.BOTH.,#2381);
#2248=SURFACE_STYLE_USAGE(.BOTH.,#2382);
#2249=SURFACE_STYLE_USAGE(.BOTH.,#2383);
#2250=SURFACE_STYLE_USAGE(.BOTH.,#2384);
#2251=SURFACE_STYLE_USAGE(.BOTH.,#2385);
#2252=SURFACE_STYLE_USAGE(.BOTH.,#2386);
#2253=SURFACE_STYLE_USAGE(.BOTH.,#2387);
#2254=SURFACE_STYLE_USAGE(.BOTH.,#2388);
#2255=SURFACE_STYLE_USAGE(.BOTH.,#2389);
#2256=SURFACE_STYLE_USAGE(.BOTH.,#2390);
#2257=SURFACE_STYLE_USAGE(.BOTH.,#2391);
#2258=SURFACE_STYLE_USAGE(.BOTH.,#2392);
#2259=SURFACE_STYLE_USAGE(.BOTH.,#2393);
#2260=SURFACE_STYLE_USAGE(.BOTH.,#2394);
#2261=SURFACE_STYLE_USAGE(.BOTH.,#2395);
#2262=SURFACE_STYLE_USAGE(.BOTH.,#2396);
#2263=SURFACE_STYLE_USAGE(.BOTH.,#2397);
#2264=SURFACE_STYLE_USAGE(.BOTH.,#2398);
#2265=SURFACE_STYLE_USAGE(.BOTH.,#2399);
#2266=SURFACE_STYLE_USAGE(.BOTH.,#2400);
#2267=SURFACE_STYLE_USAGE(.BOTH.,#2401);
#2268=SURFACE_STYLE_USAGE(.BOTH.,#2402);
#2269=SURFACE_STYLE_USAGE(.BOTH.,#2403);
#2270=SURFACE_STYLE_USAGE(.BOTH.,#2404);
#2271=SURFACE_STYLE_USAGE(.BOTH.,#2405);
#2272=SURFACE_STYLE_USAGE(.BOTH.,#2406);
#2273=SURFACE_STYLE_USAGE(.BOTH.,#2407);
#2274=SURFACE_STYLE_USAGE(.BOTH.,#2408);
#2275=SURFACE_STYLE_USAGE(.BOTH.,#2409);
#2276=SURFACE_STYLE_USAGE(.BOTH.,#2410);
#2277=SURFACE_STYLE_USAGE(.BOTH.,#2411);
#2278=SURFACE_STYLE_USAGE(.BOTH.,#2412);
#2279=SURFACE_STYLE_USAGE(.BOTH.,#2413);
#2280=SURFACE_STYLE_USAGE(.BOTH.,#2414);
#2281=SURFACE_STYLE_USAGE(.BOTH.,#2415);
#2282=SURFACE_STYLE_USAGE(.BOTH.,#2416);
#2283=SURFACE_STYLE_USAGE(.BOTH.,#2417);
#2284=SURFACE_STYLE_USAGE(.BOTH.,#2418);
#2285=SURFACE_STYLE_USAGE(.BOTH.,#2419);
#2286=SURFACE_STYLE_USAGE(.BOTH.,#2420);
#2287=SURFACE_STYLE_USAGE(.BOTH.,#2421);
#2288=SURFACE_STYLE_USAGE(.BOTH.,#2422);
#2289=SURFACE_STYLE_USAGE(.BOTH.,#2423);
#2290=SURFACE_STYLE_USAGE(.BOTH.,#2424);
#2291=SURFACE_STYLE_USAGE(.BOTH.,#2425);
#2292=SURFACE_STYLE_USAGE(.BOTH.,#2426);
#2293=SURFACE_STYLE_USAGE(.BOTH.,#2427);
#2294=SURFACE_STYLE_USAGE(.BOTH.,#2428);
#2295=SURFACE_STYLE_USAGE(.BOTH.,#2429);
#2296=SURFACE_STYLE_USAGE(.BOTH.,#2430);
#2297=SURFACE_STYLE_USAGE(.BOTH.,#2431);
#2298=SURFACE_STYLE_USAGE(.BOTH.,#2432);
#2299=SURFACE_STYLE_USAGE(.BOTH.,#2433);
#2300=SURFACE_STYLE_USAGE(.BOTH.,#2434);
#2301=SURFACE_STYLE_USAGE(.BOTH.,#2435);
#2302=SURFACE_STYLE_USAGE(.BOTH.,#2436);
#2303=SURFACE_STYLE_USAGE(.BOTH.,#2437);
#2304=SURFACE_STYLE_USAGE(.BOTH.,#2438);
#2305=SURFACE_STYLE_USAGE(.BOTH.,#2439);
#2306=SURFACE_STYLE_USAGE(.BOTH.,#2440);
#2307=SURFACE_STYLE_USAGE(.BOTH.,#2441);
#2308=SURFACE_STYLE_USAGE(.BOTH.,#2442);
#2309=SURFACE_STYLE_USAGE(.BOTH.,#2443);
#2310=SURFACE_STYLE_USAGE(.BOTH.,#2444);
#2311=SURFACE_STYLE_USAGE(.BOTH.,#2445);
#2312=SURFACE_STYLE_USAGE(.BOTH.,#2446);
#2313=SURFACE_STYLE_USAGE(.BOTH.,#2447);
#2314=SURFACE_STYLE_USAGE(.BOTH.,#2448);
#2315=SURFACE_STYLE_USAGE(.BOTH.,#2449);
#2316=SURFACE_STYLE_USAGE(.BOTH.,#2450);
#2317=SURFACE_STYLE_USAGE(.BOTH.,#2451);
#2318=SURFACE_STYLE_USAGE(.BOTH.,#2452);
#2319=SURFACE_STYLE_USAGE(.BOTH.,#2453);
#2320=SURFACE_STYLE_USAGE(.BOTH.,#2454);
#2321=SURFACE_STYLE_USAGE(.BOTH.,#2455);
#2322=SURFACE_STYLE_USAGE(.BOTH.,#2456);
#2323=SURFACE_STYLE_USAGE(.BOTH.,#2457);
#2324=SURFACE_STYLE_USAGE(.BOTH.,#2458);
#2325=SURFACE_STYLE_USAGE(.BOTH.,#2459);
#2326=SURFACE_SIDE_STYLE('',(#2460));
#2327=SURFACE_SIDE_STYLE('',(#2461));
#2328=SURFACE_SIDE_STYLE('',(#2462));
#2329=SURFACE_SIDE_STYLE('',(#2463));
#2330=SURFACE_SIDE_STYLE('',(#2464));
#2331=SURFACE_SIDE_STYLE('',(#2465));
#2332=SURFACE_SIDE_STYLE('',(#2466));
#2333=SURFACE_SIDE_STYLE('',(#2467));
#2334=SURFACE_SIDE_STYLE('',(#2468));
#2335=SURFACE_SIDE_STYLE('',(#2469));
#2336=SURFACE_SIDE_STYLE('',(#2470));
#2337=SURFACE_SIDE_STYLE('',(#2471));
#2338=SURFACE_SIDE_STYLE('',(#2472));
#2339=SURFACE_SIDE_STYLE('',(#2473));
#2340=SURFACE_SIDE_STYLE('',(#2474));
#2341=SURFACE_SIDE_STYLE('',(#2475));
#2342=SURFACE_SIDE_STYLE('',(#2476));
#2343=SURFACE_SIDE_STYLE('',(#2477));
#2344=SURFACE_SIDE_STYLE('',(#2478));
#2345=SURFACE_SIDE_STYLE('',(#2479));
#2346=SURFACE_SIDE_STYLE('',(#2480));
#2347=SURFACE_SIDE_STYLE('',(#2481));
#2348=SURFACE_SIDE_STYLE('',(#2482));
#2349=SURFACE_SIDE_STYLE('',(#2483));
#2350=SURFACE_SIDE_STYLE('',(#2484));
#2351=SURFACE_SIDE_STYLE('',(#2485));
#2352=SURFACE_SIDE_STYLE('',(#2486));
#2353=SURFACE_SIDE_STYLE('',(#2487));
#2354=SURFACE_SIDE_STYLE('',(#2488));
#2355=SURFACE_SIDE_STYLE('',(#2489));
#2356=SURFACE_SIDE_STYLE('',(#2490));
#2357=SURFACE_SIDE_STYLE('',(#2491));
#2358=SURFACE_SIDE_STYLE('',(#2492));
#2359=SURFACE_SIDE_STYLE('',(#2493));
#2360=SURFACE_SIDE_STYLE('',(#2494));
#2361=SURFACE_SIDE_STYLE('',(#2495));
#2362=SURFACE_SIDE_STYLE('',(#2496));
#2363=SURFACE_SIDE_STYLE('',(#2497));
#2364=SURFACE_SIDE_STYLE('',(#2498));
#2365=SURFACE_SIDE_STYLE('',(#2499));
#2366=SURFACE_SIDE_STYLE('',(#2500));
#2367=SURFACE_SIDE_STYLE('',(#2501));
#2368=SURFACE_SIDE_STYLE('',(#2502));
#2369=SURFACE_SIDE_STYLE('',(#2503));
#2370=SURFACE_SIDE_STYLE('',(#2504));
#2371=SURFACE_SIDE_STYLE('',(#2505));
#2372=SURFACE_SIDE_STYLE('',(#2506));
#2373=SURFACE_SIDE_STYLE('',(#2507));
#2374=SURFACE_SIDE_STYLE('',(#2508));
#2375=SURFACE_SIDE_STYLE('',(#2509));
#2376=SURFACE_SIDE_STYLE('',(#2510));
#2377=SURFACE_SIDE_STYLE('',(#2511));
#2378=SURFACE_SIDE_STYLE('',(#2512));
#2379=SURFACE_SIDE_STYLE('',(#2513));
#2380=SURFACE_SIDE_STYLE('',(#2514));
#2381=SURFACE_SIDE_STYLE('',(#2515));
#2382=SURFACE_SIDE_STYLE('',(#2516));
#2383=SURFACE_SIDE_STYLE('',(#2517));
#2384=SURFACE_SIDE_STYLE('',(#2518));
#2385=SURFACE_SIDE_STYLE('',(#2519));
#2386=SURFACE_SIDE_STYLE('',(#2520));
#2387=SURFACE_SIDE_STYLE('',(#2521));
#2388=SURFACE_SIDE_STYLE('',(#2522));
#2389=SURFACE_SIDE_STYLE('',(#2523));
#2390=SURFACE_SIDE_STYLE('',(#2524));
#2391=SURFACE_SIDE_STYLE('',(#2525));
#2392=SURFACE_SIDE_STYLE('',(#2526));
#2393=SURFACE_SIDE_STYLE('',(#2527));
#2394=SURFACE_SIDE_STYLE('',(#2528));
#2395=SURFACE_SIDE_STYLE('',(#2529));
#2396=SURFACE_SIDE_STYLE('',(#2530));
#2397=SURFACE_SIDE_STYLE('',(#2531));
#2398=SURFACE_SIDE_STYLE('',(#2532));
#2399=SURFACE_SIDE_STYLE('',(#2533));
#2400=SURFACE_SIDE_STYLE('',(#2534));
#2401=SURFACE_SIDE_STYLE('',(#2535));
#2402=SURFACE_SIDE_STYLE('',(#2536));
#2403=SURFACE_SIDE_STYLE('',(#2537));
#2404=SURFACE_SIDE_STYLE('',(#2538));
#2405=SURFACE_SIDE_STYLE('',(#2539));
#2406=SURFACE_SIDE_STYLE('',(#2540));
#2407=SURFACE_SIDE_STYLE('',(#2541));
#2408=SURFACE_SIDE_STYLE('',(#2542));
#2409=SURFACE_SIDE_STYLE('',(#2543));
#2410=SURFACE_SIDE_STYLE('',(#2544));
#2411=SURFACE_SIDE_STYLE('',(#2545));
#2412=SURFACE_SIDE_STYLE('',(#2546));
#2413=SURFACE_SIDE_STYLE('',(#2547));
#2414=SURFACE_SIDE_STYLE('',(#2548));
#2415=SURFACE_SIDE_STYLE('',(#2549));
#2416=SURFACE_SIDE_STYLE('',(#2550));
#2417=SURFACE_SIDE_STYLE('',(#2551));
#2418=SURFACE_SIDE_STYLE('',(#2552));
#2419=SURFACE_SIDE_STYLE('',(#2553));
#2420=SURFACE_SIDE_STYLE('',(#2554));
#2421=SURFACE_SIDE_STYLE('',(#2555));
#2422=SURFACE_SIDE_STYLE('',(#2556));
#2423=SURFACE_SIDE_STYLE('',(#2557));
#2424=SURFACE_SIDE_STYLE('',(#2558));
#2425=SURFACE_SIDE_STYLE('',(#2559));
#2426=SURFACE_SIDE_STYLE('',(#2560));
#2427=SURFACE_SIDE_STYLE('',(#2561));
#2428=SURFACE_SIDE_STYLE('',(#2562));
#2429=SURFACE_SIDE_STYLE('',(#2563));
#2430=SURFACE_SIDE_STYLE('',(#2564));
#2431=SURFACE_SIDE_STYLE('',(#2565));
#2432=SURFACE_SIDE_STYLE('',(#2566));
#2433=SURFACE_SIDE_STYLE('',(#2567));
#2434=SURFACE_SIDE_STYLE('',(#2568));
#2435=SURFACE_SIDE_STYLE('',(#2569));
#2436=SURFACE_SIDE_STYLE('',(#2570));
#2437=SURFACE_SIDE_STYLE('',(#2571));
#2438=SURFACE_SIDE_STYLE('',(#2572));
#2439=SURFACE_SIDE_STYLE('',(#2573));
#2440=SURFACE_SIDE_STYLE('',(#2574));
#2441=SURFACE_SIDE_STYLE('',(#2575));
#2442=SURFACE_SIDE_STYLE('',(#2576));
#2443=SURFACE_SIDE_STYLE('',(#2577));
#2444=SURFACE_SIDE_STYLE('',(#2578));
#2445=SURFACE_SIDE_STYLE('',(#2579));
#2446=SURFACE_SIDE_STYLE('',(#2580));
#2447=SURFACE_SIDE_STYLE('',(#2581));
#2448=SURFACE_SIDE_STYLE('',(#2582));
#2449=SURFACE_SIDE_STYLE('',(#2583));
#2450=SURFACE_SIDE_STYLE('',(#2584));
#2451=SURFACE_SIDE_STYLE('',(#2585));
#2452=SURFACE_SIDE_STYLE('',(#2586));
#2453=SURFACE_SIDE_STYLE('',(#2587));
#2454=SURFACE_SIDE_STYLE('',(#2588));
#2455=SURFACE_SIDE_STYLE('',(#2589));
#2456=SURFACE_SIDE_STYLE('',(#2590));
#2457=SURFACE_SIDE_STYLE('',(#2591));
#2458=SURFACE_SIDE_STYLE('',(#2592));
#2459=SURFACE_SIDE_STYLE('',(#2593));
#2460=SURFACE_STYLE_FILL_AREA(#2594);
#2461=SURFACE_STYLE_FILL_AREA(#2595);
#2462=SURFACE_STYLE_FILL_AREA(#2596);
#2463=SURFACE_STYLE_FILL_AREA(#2597);
#2464=SURFACE_STYLE_FILL_AREA(#2598);
#2465=SURFACE_STYLE_FILL_AREA(#2599);
#2466=SURFACE_STYLE_FILL_AREA(#2600);
#2467=SURFACE_STYLE_FILL_AREA(#2601);
#2468=SURFACE_STYLE_FILL_AREA(#2602);
#2469=SURFACE_STYLE_FILL_AREA(#2603);
#2470=SURFACE_STYLE_FILL_AREA(#2604);
#2471=SURFACE_STYLE_FILL_AREA(#2605);
#2472=SURFACE_STYLE_FILL_AREA(#2606);
#2473=SURFACE_STYLE_FILL_AREA(#2607);
#2474=SURFACE_STYLE_FILL_AREA(#2608);
#2475=SURFACE_STYLE_FILL_AREA(#2609);
#2476=SURFACE_STYLE_FILL_AREA(#2610);
#2477=SURFACE_STYLE_FILL_AREA(#2611);
#2478=SURFACE_STYLE_FILL_AREA(#2612);
#2479=SURFACE_STYLE_FILL_AREA(#2613);
#2480=SURFACE_STYLE_FILL_AREA(#2614);
#2481=SURFACE_STYLE_FILL_AREA(#2615);
#2482=SURFACE_STYLE_FILL_AREA(#2616);
#2483=SURFACE_STYLE_FILL_AREA(#2617);
#2484=SURFACE_STYLE_FILL_AREA(#2618);
#2485=SURFACE_STYLE_FILL_AREA(#2619);
#2486=SURFACE_STYLE_FILL_AREA(#2620);
#2487=SURFACE_STYLE_FILL_AREA(#2621);
#2488=SURFACE_STYLE_FILL_AREA(#2622);
#2489=SURFACE_STYLE_FILL_AREA(#2623);
#2490=SURFACE_STYLE_FILL_AREA(#2624);
#2491=SURFACE_STYLE_FILL_AREA(#2625);
#2492=SURFACE_STYLE_FILL_AREA(#2626);
#2493=SURFACE_STYLE_FILL_AREA(#2627);
#2494=SURFACE_STYLE_FILL_AREA(#2628);
#2495=SURFACE_STYLE_FILL_AREA(#2629);
#2496=SURFACE_STYLE_FILL_AREA(#2630);
#2497=SURFACE_STYLE_FILL_AREA(#2631);
#2498=SURFACE_STYLE_FILL_AREA(#2632);
#2499=SURFACE_STYLE_FILL_AREA(#2633);
#2500=SURFACE_STYLE_FILL_AREA(#2634);
#2501=SURFACE_STYLE_FILL_AREA(#2635);
#2502=SURFACE_STYLE_FILL_AREA(#2636);
#2503=SURFACE_STYLE_FILL_AREA(#2637);
#2504=SURFACE_STYLE_FILL_AREA(#2638);
#2505=SURFACE_STYLE_FILL_AREA(#2639);
#2506=SURFACE_STYLE_FILL_AREA(#2640);
#2507=SURFACE_STYLE_FILL_AREA(#2641);
#2508=SURFACE_STYLE_FILL_AREA(#2642);
#2509=SURFACE_STYLE_FILL_AREA(#2643);
#2510=SURFACE_STYLE_FILL_AREA(#2644);
#2511=SURFACE_STYLE_FILL_AREA(#2645);
#2512=SURFACE_STYLE_FILL_AREA(#2646);
#2513=SURFACE_STYLE_FILL_AREA(#2647);
#2514=SURFACE_STYLE_FILL_AREA(#2648);
#2515=SURFACE_STYLE_FILL_AREA(#2649);
#2516=SURFACE_STYLE_FILL_AREA(#2650);
#2517=SURFACE_STYLE_FILL_AREA(#2651);
#2518=SURFACE_STYLE_FILL_AREA(#2652);
#2519=SURFACE_STYLE_FILL_AREA(#2653);
#2520=SURFACE_STYLE_FILL_AREA(#2654);
#2521=SURFACE_STYLE_FILL_AREA(#2655);
#2522=SURFACE_STYLE_FILL_AREA(#2656);
#2523=SURFACE_STYLE_FILL_AREA(#2657);
#2524=SURFACE_STYLE_FILL_AREA(#2658);
#2525=SURFACE_STYLE_FILL_AREA(#2659);
#2526=SURFACE_STYLE_FILL_AREA(#2660);
#2527=SURFACE_STYLE_FILL_AREA(#2661);
#2528=SURFACE_STYLE_FILL_AREA(#2662);
#2529=SURFACE_STYLE_FILL_AREA(#2663);
#2530=SURFACE_STYLE_FILL_AREA(#2664);
#2531=SURFACE_STYLE_FILL_AREA(#2665);
#2532=SURFACE_STYLE_FILL_AREA(#2666);
#2533=SURFACE_STYLE_FILL_AREA(#2667);
#2534=SURFACE_STYLE_FILL_AREA(#2668);
#2535=SURFACE_STYLE_FILL_AREA(#2669);
#2536=SURFACE_STYLE_FILL_AREA(#2670);
#2537=SURFACE_STYLE_FILL_AREA(#2671);
#2538=SURFACE_STYLE_FILL_AREA(#2672);
#2539=SURFACE_STYLE_FILL_AREA(#2673);
#2540=SURFACE_STYLE_FILL_AREA(#2674);
#2541=SURFACE_STYLE_FILL_AREA(#2675);
#2542=SURFACE_STYLE_FILL_AREA(#2676);
#2543=SURFACE_STYLE_FILL_AREA(#2677);
#2544=SURFACE_STYLE_FILL_AREA(#2678);
#2545=SURFACE_STYLE_FILL_AREA(#2679);
#2546=SURFACE_STYLE_FILL_AREA(#2680);
#2547=SURFACE_STYLE_FILL_AREA(#2681);
#2548=SURFACE_STYLE_FILL_AREA(#2682);
#2549=SURFACE_STYLE_FILL_AREA(#2683);
#2550=SURFACE_STYLE_FILL_AREA(#2684);
#2551=SURFACE_STYLE_FILL_AREA(#2685);
#2552=SURFACE_STYLE_FILL_AREA(#2686);
#2553=SURFACE_STYLE_FILL_AREA(#2687);
#2554=SURFACE_STYLE_FILL_AREA(#2688);
#2555=SURFACE_STYLE_FILL_AREA(#2689);
#2556=SURFACE_STYLE_FILL_AREA(#2690);
#2557=SURFACE_STYLE_FILL_AREA(#2691);
#2558=SURFACE_STYLE_FILL_AREA(#2692);
#2559=SURFACE_STYLE_FILL_AREA(#2693);
#2560=SURFACE_STYLE_FILL_AREA(#2694);
#2561=SURFACE_STYLE_FILL_AREA(#2695);
#2562=SURFACE_STYLE_FILL_AREA(#2696);
#2563=SURFACE_STYLE_FILL_AREA(#2697);
#2564=SURFACE_STYLE_FILL_AREA(#2698);
#2565=SURFACE_STYLE_FILL_AREA(#2699);
#2566=SURFACE_STYLE_FILL_AREA(#2700);
#2567=SURFACE_STYLE_FILL_AREA(#2701);
#2568=SURFACE_STYLE_FILL_AREA(#2702);
#2569=SURFACE_STYLE_FILL_AREA(#2703);
#2570=SURFACE_STYLE_FILL_AREA(#2704);
#2571=SURFACE_STYLE_FILL_AREA(#2705);
#2572=SURFACE_STYLE_FILL_AREA(#2706);
#2573=SURFACE_STYLE_FILL_AREA(#2707);
#2574=SURFACE_STYLE_FILL_AREA(#2708);
#2575=SURFACE_STYLE_FILL_AREA(#2709);
#2576=SURFACE_STYLE_FILL_AREA(#2710);
#2577=SURFACE_STYLE_FILL_AREA(#2711);
#2578=SURFACE_STYLE_FILL_AREA(#2712);
#2579=SURFACE_STYLE_FILL_AREA(#2713);
#2580=SURFACE_STYLE_FILL_AREA(#2714);
#2581=SURFACE_STYLE_FILL_AREA(#2715);
#2582=SURFACE_STYLE_FILL_AREA(#2716);
#2583=SURFACE_STYLE_FILL_AREA(#2717);
#2584=SURFACE_STYLE_FILL_AREA(#2718);
#2585=SURFACE_STYLE_FILL_AREA(#2719);
#2586=SURFACE_STYLE_FILL_AREA(#2720);
#2587=SURFACE_STYLE_FILL_AREA(#2721);
#2588=SURFACE_STYLE_FILL_AREA(#2722);
#2589=SURFACE_STYLE_FILL_AREA(#2723);
#2590=SURFACE_STYLE_FILL_AREA(#2724);
#2591=SURFACE_STYLE_FILL_AREA(#2725);
#2592=SURFACE_STYLE_FILL_AREA(#2726);
#2593=SURFACE_STYLE_FILL_AREA(#2727);
#2594=FILL_AREA_STYLE('',(#2728));
#2595=FILL_AREA_STYLE('',(#2729));
#2596=FILL_AREA_STYLE('',(#2730));
#2597=FILL_AREA_STYLE('',(#2731));
#2598=FILL_AREA_STYLE('',(#2732));
#2599=FILL_AREA_STYLE('',(#2733));
#2600=FILL_AREA_STYLE('',(#2734));
#2601=FILL_AREA_STYLE('',(#2735));
#2602=FILL_AREA_STYLE('',(#2736));
#2603=FILL_AREA_STYLE('',(#2737));
#2604=FILL_AREA_STYLE('',(#2738));
#2605=FILL_AREA_STYLE('',(#2739));
#2606=FILL_AREA_STYLE('',(#2740));
#2607=FILL_AREA_STYLE('',(#2741));
#2608=FILL_AREA_STYLE('',(#2742));
#2609=FILL_AREA_STYLE('',(#2743));
#2610=FILL_AREA_STYLE('',(#2744));
#2611=FILL_AREA_STYLE('',(#2745));
#2612=FILL_AREA_STYLE('',(#2746));
#2613=FILL_AREA_STYLE('',(#2747));
#2614=FILL_AREA_STYLE('',(#2748));
#2615=FILL_AREA_STYLE('',(#2749));
#2616=FILL_AREA_STYLE('',(#2750));
#2617=FILL_AREA_STYLE('',(#2751));
#2618=FILL_AREA_STYLE('',(#2752));
#2619=FILL_AREA_STYLE('',(#2753));
#2620=FILL_AREA_STYLE('',(#2754));
#2621=FILL_AREA_STYLE('',(#2755));
#2622=FILL_AREA_STYLE('',(#2756));
#2623=FILL_AREA_STYLE('',(#2757));
#2624=FILL_AREA_STYLE('',(#2758));
#2625=FILL_AREA_STYLE('',(#2759));
#2626=FILL_AREA_STYLE('',(#2760));
#2627=FILL_AREA_STYLE('',(#2761));
#2628=FILL_AREA_STYLE('',(#2762));
#2629=FILL_AREA_STYLE('',(#2763));
#2630=FILL_AREA_STYLE('',(#2764));
#2631=FILL_AREA_STYLE('',(#2765));
#2632=FILL_AREA_STYLE('',(#2766));
#2633=FILL_AREA_STYLE('',(#2767));
#2634=FILL_AREA_STYLE('',(#2768));
#2635=FILL_AREA_STYLE('',(#2769));
#2636=FILL_AREA_STYLE('',(#2770));
#2637=FILL_AREA_STYLE('',(#2771));
#2638=FILL_AREA_STYLE('',(#2772));
#2639=FILL_AREA_STYLE('',(#2773));
#2640=FILL_AREA_STYLE('',(#2774));
#2641=FILL_AREA_STYLE('',(#2775));
#2642=FILL_AREA_STYLE('',(#2776));
#2643=FILL_AREA_STYLE('',(#2777));
#2644=FILL_AREA_STYLE('',(#2778));
#2645=FILL_AREA_STYLE('',(#2779));
#2646=FILL_AREA_STYLE('',(#2780));
#2647=FILL_AREA_STYLE('',(#2781));
#2648=FILL_AREA_STYLE('',(#2782));
#2649=FILL_AREA_STYLE('',(#2783));
#2650=FILL_AREA_STYLE('',(#2784));
#2651=FILL_AREA_STYLE('',(#2785));
#2652=FILL_AREA_STYLE('',(#2786));
#2653=FILL_AREA_STYLE('',(#2787));
#2654=FILL_AREA_STYLE('',(#2788));
#2655=FILL_AREA_STYLE('',(#2789));
#2656=FILL_AREA_STYLE('',(#2790));
#2657=FILL_AREA_STYLE('',(#2791));
#2658=FILL_AREA_STYLE('',(#2792));
#2659=FILL_AREA_STYLE('',(#2793));
#2660=FILL_AREA_STYLE('',(#2794));
#2661=FILL_AREA_STYLE('',(#2795));
#2662=FILL_AREA_STYLE('',(#2796));
#2663=FILL_AREA_STYLE('',(#2797));
#2664=FILL_AREA_STYLE('',(#2798));
#2665=FILL_AREA_STYLE('',(#2799));
#2666=FILL_AREA_STYLE('',(#2800));
#2667=FILL_AREA_STYLE('',(#2801));
#2668=FILL_AREA_STYLE('',(#2802));
#2669=FILL_AREA_STYLE('',(#2803));
#2670=FILL_AREA_STYLE('',(#2804));
#2671=FILL_AREA_STYLE('',(#2805));
#2672=FILL_AREA_STYLE('',(#2806));
#2673=FILL_AREA_STYLE('',(#2807));
#2674=FILL_AREA_STYLE('',(#2808));
#2675=FILL_AREA_STYLE('',(#2809));
#2676=FILL_AREA_STYLE('',(#2810));
#2677=FILL_AREA_STYLE('',(#2811));
#2678=FILL_AREA_STYLE('',(#2812));
#2679=FILL_AREA_STYLE('',(#2813));
#2680=FILL_AREA_STYLE('',(#2814));
#2681=FILL_AREA_STYLE('',(#2815));
#2682=FILL_AREA_STYLE('',(#2816));
#2683=FILL_AREA_STYLE('',(#2817));
#2684=FILL_AREA_STYLE('',(#2818));
#2685=FILL_AREA_STYLE('',(#2819));
#2686=FILL_AREA_STYLE('',(#2820));
#2687=FILL_AREA_STYLE('',(#2821));
#2688=FILL_AREA_STYLE('',(#2822));
#2689=FILL_AREA_STYLE('',(#2823));
#2690=FILL_AREA_STYLE('',(#2824));
#2691=FILL_AREA_STYLE('',(#2825));
#2692=FILL_AREA_STYLE('',(#2826));
#2693=FILL_AREA_STYLE('',(#2827));
#2694=FILL_AREA_STYLE('',(#2828));
#2695=FILL_AREA_STYLE('',(#2829));
#2696=FILL_AREA_STYLE('',(#2830));
#2697=FILL_AREA_STYLE('',(#2831));
#2698=FILL_AREA_STYLE('',(#2832));
#2699=FILL_AREA_STYLE('',(#2833));
#2700=FILL_AREA_STYLE('',(#2834));
#2701=FILL_AREA_STYLE('',(#2835));
#2702=FILL_AREA_STYLE('',(#2836));
#2703=FILL_AREA_STYLE('',(#2837));
#2704=FILL_AREA_STYLE('',(#2838));
#2705=FILL_AREA_STYLE('',(#2839));
#2706=FILL_AREA_STYLE('',(#2840));
#2707=FILL_AREA_STYLE('',(#2841));
#2708=FILL_AREA_STYLE('',(#2842));
#2709=FILL_AREA_STYLE('',(#2843));
#2710=FILL_AREA_STYLE('',(#2844));
#2711=FILL_AREA_STYLE('',(#2845));
#2712=FILL_AREA_STYLE('',(#2846));
#2713=FILL_AREA_STYLE('',(#2847));
#2714=FILL_AREA_STYLE('',(#2848));
#2715=FILL_AREA_STYLE('',(#2849));
#2716=FILL_AREA_STYLE('',(#2850));
#2717=FILL_AREA_STYLE('',(#2851));
#2718=FILL_AREA_STYLE('',(#2852));
#2719=FILL_AREA_STYLE('',(#2853));
#2720=FILL_AREA_STYLE('',(#2854));
#2721=FILL_AREA_STYLE('',(#2855));
#2722=FILL_AREA_STYLE('',(#2856));
#2723=FILL_AREA_STYLE('',(#2857));
#2724=FILL_AREA_STYLE('',(#2858));
#2725=FILL_AREA_STYLE('',(#2859));
#2726=FILL_AREA_STYLE('',(#2860));
#2727=FILL_AREA_STYLE('',(#2861));
#2728=FILL_AREA_STYLE_COLOUR('',#2862);
#2729=FILL_AREA_STYLE_COLOUR('',#2862);
#2730=FILL_AREA_STYLE_COLOUR('',#2862);
#2731=FILL_AREA_STYLE_COLOUR('',#2862);
#2732=FILL_AREA_STYLE_COLOUR('',#2862);
#2733=FILL_AREA_STYLE_COLOUR('',#2862);
#2734=FILL_AREA_STYLE_COLOUR('',#2862);
#2735=FILL_AREA_STYLE_COLOUR('',#2862);
#2736=FILL_AREA_STYLE_COLOUR('',#2863);
#2737=FILL_AREA_STYLE_COLOUR('',#2863);
#2738=FILL_AREA_STYLE_COLOUR('',#2863);
#2739=FILL_AREA_STYLE_COLOUR('',#2863);
#2740=FILL_AREA_STYLE_COLOUR('',#2863);
#2741=FILL_AREA_STYLE_COLOUR('',#2863);
#2742=FILL_AREA_STYLE_COLOUR('',#2863);
#2743=FILL_AREA_STYLE_COLOUR('',#2863);
#2744=FILL_AREA_STYLE_COLOUR('',#2863);
#2745=FILL_AREA_STYLE_COLOUR('',#2863);
#2746=FILL_AREA_STYLE_COLOUR('',#2863);
#2747=FILL_AREA_STYLE_COLOUR('',#2863);
#2748=FILL_AREA_STYLE_COLOUR('',#2863);
#2749=FILL_AREA_STYLE_COLOUR('',#2863);
#2750=FILL_AREA_STYLE_COLOUR('',#2863);
#2751=FILL_AREA_STYLE_COLOUR('',#2863);
#2752=FILL_AREA_STYLE_COLOUR('',#2863);
#2753=FILL_AREA_STYLE_COLOUR('',#2863);
#2754=FILL_AREA_STYLE_COLOUR('',#2863);
#2755=FILL_AREA_STYLE_COLOUR('',#2863);
#2756=FILL_AREA_STYLE_COLOUR('',#2863);
#2757=FILL_AREA_STYLE_COLOUR('',#2863);
#2758=FILL_AREA_STYLE_COLOUR('',#2863);
#2759=FILL_AREA_STYLE_COLOUR('',#2863);
#2760=FILL_AREA_STYLE_COLOUR('',#2863);
#2761=FILL_AREA_STYLE_COLOUR('',#2863);
#2762=FILL_AREA_STYLE_COLOUR('',#2863);
#2763=FILL_AREA_STYLE_COLOUR('',#2862);
#2764=FILL_AREA_STYLE_COLOUR('',#2863);
#2765=FILL_AREA_STYLE_COLOUR('',#2863);
#2766=FILL_AREA_STYLE_COLOUR('',#2862);
#2767=FILL_AREA_STYLE_COLOUR('',#2862);
#2768=FILL_AREA_STYLE_COLOUR('',#2862);
#2769=FILL_AREA_STYLE_COLOUR('',#2862);
#2770=FILL_AREA_STYLE_COLOUR('',#2862);
#2771=FILL_AREA_STYLE_COLOUR('',#2862);
#2772=FILL_AREA_STYLE_COLOUR('',#2862);
#2773=FILL_AREA_STYLE_COLOUR('',#2862);
#2774=FILL_AREA_STYLE_COLOUR('',#2862);
#2775=FILL_AREA_STYLE_COLOUR('',#2862);
#2776=FILL_AREA_STYLE_COLOUR('',#2862);
#2777=FILL_AREA_STYLE_COLOUR('',#2862);
#2778=FILL_AREA_STYLE_COLOUR('',#2862);
#2779=FILL_AREA_STYLE_COLOUR('',#2862);
#2780=FILL_AREA_STYLE_COLOUR('',#2862);
#2781=FILL_AREA_STYLE_COLOUR('',#2862);
#2782=FILL_AREA_STYLE_COLOUR('',#2862);
#2783=FILL_AREA_STYLE_COLOUR('',#2862);
#2784=FILL_AREA_STYLE_COLOUR('',#2862);
#2785=FILL_AREA_STYLE_COLOUR('',#2862);
#2786=FILL_AREA_STYLE_COLOUR('',#2862);
#2787=FILL_AREA_STYLE_COLOUR('',#2862);
#2788=FILL_AREA_STYLE_COLOUR('',#2862);
#2789=FILL_AREA_STYLE_COLOUR('',#2862);
#2790=FILL_AREA_STYLE_COLOUR('',#2862);
#2791=FILL_AREA_STYLE_COLOUR('',#2862);
#2792=FILL_AREA_STYLE_COLOUR('',#2862);
#2793=FILL_AREA_STYLE_COLOUR('',#2862);
#2794=FILL_AREA_STYLE_COLOUR('',#2862);
#2795=FILL_AREA_STYLE_COLOUR('',#2862);
#2796=FILL_AREA_STYLE_COLOUR('',#2862);
#2797=FILL_AREA_STYLE_COLOUR('',#2862);
#2798=FILL_AREA_STYLE_COLOUR('',#2862);
#2799=FILL_AREA_STYLE_COLOUR('',#2862);
#2800=FILL_AREA_STYLE_COLOUR('',#2862);
#2801=FILL_AREA_STYLE_COLOUR('',#2862);
#2802=FILL_AREA_STYLE_COLOUR('',#2862);
#2803=FILL_AREA_STYLE_COLOUR('',#2862);
#2804=FILL_AREA_STYLE_COLOUR('',#2862);
#2805=FILL_AREA_STYLE_COLOUR('',#2862);
#2806=FILL_AREA_STYLE_COLOUR('',#2862);
#2807=FILL_AREA_STYLE_COLOUR('',#2862);
#2808=FILL_AREA_STYLE_COLOUR('',#2862);
#2809=FILL_AREA_STYLE_COLOUR('',#2862);
#2810=FILL_AREA_STYLE_COLOUR('',#2862);
#2811=FILL_AREA_STYLE_COLOUR('',#2862);
#2812=FILL_AREA_STYLE_COLOUR('',#2862);
#2813=FILL_AREA_STYLE_COLOUR('',#2862);
#2814=FILL_AREA_STYLE_COLOUR('',#2862);
#2815=FILL_AREA_STYLE_COLOUR('',#2862);
#2816=FILL_AREA_STYLE_COLOUR('',#2862);
#2817=FILL_AREA_STYLE_COLOUR('',#2862);
#2818=FILL_AREA_STYLE_COLOUR('',#2862);
#2819=FILL_AREA_STYLE_COLOUR('',#2862);
#2820=FILL_AREA_STYLE_COLOUR('',#2862);
#2821=FILL_AREA_STYLE_COLOUR('',#2862);
#2822=FILL_AREA_STYLE_COLOUR('',#2862);
#2823=FILL_AREA_STYLE_COLOUR('',#2862);
#2824=FILL_AREA_STYLE_COLOUR('',#2862);
#2825=FILL_AREA_STYLE_COLOUR('',#2862);
#2826=FILL_AREA_STYLE_COLOUR('',#2862);
#2827=FILL_AREA_STYLE_COLOUR('',#2862);
#2828=FILL_AREA_STYLE_COLOUR('',#2862);
#2829=FILL_AREA_STYLE_COLOUR('',#2862);
#2830=FILL_AREA_STYLE_COLOUR('',#2862);
#2831=FILL_AREA_STYLE_COLOUR('',#2862);
#2832=FILL_AREA_STYLE_COLOUR('',#2862);
#2833=FILL_AREA_STYLE_COLOUR('',#2862);
#2834=FILL_AREA_STYLE_COLOUR('',#2862);
#2835=FILL_AREA_STYLE_COLOUR('',#2862);
#2836=FILL_AREA_STYLE_COLOUR('',#2862);
#2837=FILL_AREA_STYLE_COLOUR('',#2862);
#2838=FILL_AREA_STYLE_COLOUR('',#2862);
#2839=FILL_AREA_STYLE_COLOUR('',#2862);
#2840=FILL_AREA_STYLE_COLOUR('',#2862);
#2841=FILL_AREA_STYLE_COLOUR('',#2862);
#2842=FILL_AREA_STYLE_COLOUR('',#2862);
#2843=FILL_AREA_STYLE_COLOUR('',#2862);
#2844=FILL_AREA_STYLE_COLOUR('',#2862);
#2845=FILL_AREA_STYLE_COLOUR('',#2862);
#2846=FILL_AREA_STYLE_COLOUR('',#2862);
#2847=FILL_AREA_STYLE_COLOUR('',#2862);
#2848=FILL_AREA_STYLE_COLOUR('',#2862);
#2849=FILL_AREA_STYLE_COLOUR('',#2862);
#2850=FILL_AREA_STYLE_COLOUR('',#2862);
#2851=FILL_AREA_STYLE_COLOUR('',#2862);
#2852=FILL_AREA_STYLE_COLOUR('',#2862);
#2853=FILL_AREA_STYLE_COLOUR('',#2862);
#2854=FILL_AREA_STYLE_COLOUR('',#2862);
#2855=FILL_AREA_STYLE_COLOUR('',#2862);
#2856=FILL_AREA_STYLE_COLOUR('',#2862);
#2857=FILL_AREA_STYLE_COLOUR('',#2862);
#2858=FILL_AREA_STYLE_COLOUR('',#2862);
#2859=FILL_AREA_STYLE_COLOUR('',#2862);
#2860=FILL_AREA_STYLE_COLOUR('',#2862);
#2861=FILL_AREA_STYLE_COLOUR('',#2862);
#2862=COLOUR_RGB('',0.506983280181885,0.531564235687256,0.550000011920929);
#2863=COLOUR_RGB('',0.819999992847443,0.819999992847443,0.819999992847443);
#2864=ADVANCED_FACE('',(#1736),#1896,.T.);
#2865=ADVANCED_FACE('',(#1737),#1897,.T.);
#2866=ADVANCED_FACE('',(#1738,#1739),#1898,.F.);
#2867=ADVANCED_FACE('',(#1740,#1741),#1899,.T.);
#2868=ADVANCED_FACE('',(#1742),#76,.T.);
#2869=ADVANCED_FACE('',(#1743),#50,.T.);
#2870=ADVANCED_FACE('',(#1744),#51,.T.);
#2871=ADVANCED_FACE('',(#1745),#77,.T.);
#2872=ADVANCED_FACE('',(#1746),#1900,.T.);
#2873=ADVANCED_FACE('',(#1747),#1901,.F.);
#2874=ADVANCED_FACE('',(#1748),#1902,.F.);
#2875=ADVANCED_FACE('',(#1749,#1750,#1751,#1752),#78,.T.);
#2876=ADVANCED_FACE('',(#1753),#79,.T.);
#2877=ADVANCED_FACE('',(#1754),#80,.T.);
#2878=ADVANCED_FACE('',(#1755),#81,.T.);
#2879=ADVANCED_FACE('',(#1756),#82,.T.);
#2880=ADVANCED_FACE('',(#1757,#1758),#83,.F.);
#2881=ADVANCED_FACE('',(#1759,#1760),#84,.F.);
#2882=ADVANCED_FACE('',(#1761,#1762),#1903,.F.);
#2883=ADVANCED_FACE('',(#1763,#1764),#85,.F.);
#2884=ADVANCED_FACE('',(#1765,#1766),#86,.F.);
#2885=ADVANCED_FACE('',(#1767,#1768),#1904,.F.);
#2886=ADVANCED_FACE('',(#1769),#87,.F.);
#2887=ADVANCED_FACE('',(#1770,#1771,#1772),#88,.F.);
#2888=ADVANCED_FACE('',(#1773,#1774,#1775),#89,.F.);
#2889=ADVANCED_FACE('',(#1776,#1777),#1905,.T.);
#2890=ADVANCED_FACE('',(#1778,#1779),#1906,.T.);
#2891=ADVANCED_FACE('',(#1780,#1781),#90,.F.);
#2892=ADVANCED_FACE('',(#1782,#1783),#91,.F.);
#2893=ADVANCED_FACE('',(#1784),#92,.F.);
#2894=ADVANCED_FACE('',(#1785),#1907,.F.);
#2895=ADVANCED_FACE('',(#1786),#1908,.F.);
#2896=ADVANCED_FACE('',(#1787,#1788),#93,.F.);
#2897=ADVANCED_FACE('',(#1789,#1790),#94,.F.);
#2898=ADVANCED_FACE('',(#1791),#1909,.T.);
#2899=ADVANCED_FACE('',(#1792,#1793),#1910,.T.);
#2900=ADVANCED_FACE('',(#1794,#1795),#1911,.F.);
#2901=ADVANCED_FACE('',(#1796,#1797,#1798,#1799),#95,.T.);
#2902=ADVANCED_FACE('',(#1800),#96,.F.);
#2903=ADVANCED_FACE('',(#1801),#97,.F.);
#2904=ADVANCED_FACE('',(#1802),#98,.F.);
#2905=ADVANCED_FACE('',(#1803),#99,.F.);
#2906=ADVANCED_FACE('',(#1804),#28,.T.);
#2907=ADVANCED_FACE('',(#1805),#52,.T.);
#2908=ADVANCED_FACE('',(#1806),#29,.T.);
#2909=ADVANCED_FACE('',(#1807),#53,.T.);
#2910=ADVANCED_FACE('',(#1808),#30,.T.);
#2911=ADVANCED_FACE('',(#1809),#100,.T.);
#2912=ADVANCED_FACE('',(#1810),#101,.T.);
#2913=ADVANCED_FACE('',(#1811),#102,.T.);
#2914=ADVANCED_FACE('',(#1812),#20,.T.);
#2915=ADVANCED_FACE('',(#1813),#54,.T.);
#2916=ADVANCED_FACE('',(#1814),#21,.T.);
#2917=ADVANCED_FACE('',(#1815),#103,.T.);
#2918=ADVANCED_FACE('',(#1816),#22,.T.);
#2919=ADVANCED_FACE('',(#1817),#31,.T.);
#2920=ADVANCED_FACE('',(#1818),#55,.T.);
#2921=ADVANCED_FACE('',(#1819),#32,.T.);
#2922=ADVANCED_FACE('',(#1820),#56,.T.);
#2923=ADVANCED_FACE('',(#1821),#33,.T.);
#2924=ADVANCED_FACE('',(#1822),#57,.T.);
#2925=ADVANCED_FACE('',(#1823),#34,.T.);
#2926=ADVANCED_FACE('',(#1824),#35,.T.);
#2927=ADVANCED_FACE('',(#1825),#104,.T.);
#2928=ADVANCED_FACE('',(#1826),#58,.T.);
#2929=ADVANCED_FACE('',(#1827),#36,.T.);
#2930=ADVANCED_FACE('',(#1828),#37,.F.);
#2931=ADVANCED_FACE('',(#1829),#105,.F.);
#2932=ADVANCED_FACE('',(#1830),#106,.F.);
#2933=ADVANCED_FACE('',(#1831),#38,.F.);
#2934=ADVANCED_FACE('',(#1832),#39,.T.);
#2935=ADVANCED_FACE('',(#1833),#59,.T.);
#2936=ADVANCED_FACE('',(#1834),#60,.T.);
#2937=ADVANCED_FACE('',(#1835),#61,.T.);
#2938=ADVANCED_FACE('',(#1836),#23,.T.);
#2939=ADVANCED_FACE('',(#1837),#107,.T.);
#2940=ADVANCED_FACE('',(#1838),#24,.T.);
#2941=ADVANCED_FACE('',(#1839),#108,.T.);
#2942=ADVANCED_FACE('',(#1840),#25,.T.);
#2943=ADVANCED_FACE('',(#1841),#109,.T.);
#2944=ADVANCED_FACE('',(#1842),#40,.T.);
#2945=ADVANCED_FACE('',(#1843),#62,.T.);
#2946=ADVANCED_FACE('',(#1844),#63,.T.);
#2947=ADVANCED_FACE('',(#1845),#41,.T.);
#2948=ADVANCED_FACE('',(#1846),#42,.T.);
#2949=ADVANCED_FACE('',(#1847),#110,.T.);
#2950=ADVANCED_FACE('',(#1848),#43,.T.);
#2951=ADVANCED_FACE('',(#1849),#64,.T.);
#2952=ADVANCED_FACE('',(#1850),#26,.T.);
#2953=ADVANCED_FACE('',(#1851),#111,.T.);
#2954=ADVANCED_FACE('',(#1852),#27,.T.);
#2955=ADVANCED_FACE('',(#1853),#65,.T.);
#2956=ADVANCED_FACE('',(#1854),#44,.T.);
#2957=ADVANCED_FACE('',(#1855),#45,.T.);
#2958=ADVANCED_FACE('',(#1856),#66,.T.);
#2959=ADVANCED_FACE('',(#1857),#67,.T.);
#2960=ADVANCED_FACE('',(#1858),#46,.F.);
#2961=ADVANCED_FACE('',(#1859),#112,.F.);
#2962=ADVANCED_FACE('',(#1860),#47,.F.);
#2963=ADVANCED_FACE('',(#1861),#48,.F.);
#2964=ADVANCED_FACE('',(#1862),#113,.F.);
#2965=ADVANCED_FACE('',(#1863),#49,.F.);
#2966=ADVANCED_FACE('',(#1864),#1912,.T.);
#2967=ADVANCED_FACE('',(#1865),#1913,.T.);
#2968=ADVANCED_FACE('',(#1866),#1914,.T.);
#2969=ADVANCED_FACE('',(#1867),#1915,.T.);
#2970=ADVANCED_FACE('',(#1868),#114,.F.);
#2971=ADVANCED_FACE('',(#1869),#115,.F.);
#2972=ADVANCED_FACE('',(#1870),#116,.F.);
#2973=ADVANCED_FACE('',(#1871),#117,.F.);
#2974=ADVANCED_FACE('',(#1872),#118,.T.);
#2975=ADVANCED_FACE('',(#1873),#68,.T.);
#2976=ADVANCED_FACE('',(#1874),#69,.T.);
#2977=ADVANCED_FACE('',(#1875),#119,.T.);
#2978=ADVANCED_FACE('',(#1876),#120,.T.);
#2979=ADVANCED_FACE('',(#1877),#70,.T.);
#2980=ADVANCED_FACE('',(#1878),#71,.T.);
#2981=ADVANCED_FACE('',(#1879),#121,.T.);
#2982=ADVANCED_FACE('',(#1880),#122,.T.);
#2983=ADVANCED_FACE('',(#1881),#72,.T.);
#2984=ADVANCED_FACE('',(#1882),#73,.T.);
#2985=ADVANCED_FACE('',(#1883),#123,.T.);
#2986=ADVANCED_FACE('',(#1884),#124,.T.);
#2987=ADVANCED_FACE('',(#1885),#74,.T.);
#2988=ADVANCED_FACE('',(#1886),#75,.T.);
#2989=ADVANCED_FACE('',(#1887),#125,.T.);
#2990=ADVANCED_FACE('',(#1888),#1916,.F.);
#2991=ADVANCED_FACE('',(#1889),#1917,.F.);
#2992=ADVANCED_FACE('',(#1890),#1918,.F.);
#2993=ADVANCED_FACE('',(#1891),#1919,.F.);
#2994=ADVANCED_FACE('',(#1892),#1920,.F.);
#2995=ADVANCED_FACE('',(#1893),#1921,.F.);
#2996=ADVANCED_FACE('',(#1894),#1922,.F.);
#2997=ADVANCED_FACE('',(#1895),#1923,.F.);
#2998=CLOSED_SHELL('',(#2864,#2865,#2866,#2867,#2868,#2869,#2870,#2871,
#2872,#2873,#2874,#2875,#2876,#2877,#2878,#2879,#2880,#2881,#2882,#2883,
#2884,#2885,#2886,#2887,#2888,#2889,#2890,#2891,#2892,#2893,#2894,#2895,
#2896,#2897,#2898,#2899,#2900,#2901,#2902,#2903,#2904,#2905,#2906,#2907,
#2908,#2909,#2910,#2911,#2912,#2913,#2914,#2915,#2916,#2917,#2918,#2919,
#2920,#2921,#2922,#2923,#2924,#2925,#2926,#2927,#2928,#2929,#2930,#2931,
#2932,#2933,#2934,#2935,#2936,#2937,#2938,#2939,#2940,#2941,#2942,#2943,
#2944,#2945,#2946,#2947,#2948,#2949,#2950,#2951,#2952,#2953,#2954,#2955,
#2956,#2957,#2958,#2959,#2960,#2961,#2962,#2963,#2964,#2965,#2966,#2967,
#2968,#2969,#2970,#2971,#2972,#2973,#2974,#2975,#2976,#2977,#2978,#2979,
#2980,#2981,#2982,#2983,#2984,#2985,#2986,#2987,#2988,#2989,#2990,#2991,
#2992,#2993,#2994,#2995,#2996,#2997));
#2999=MANIFOLD_SOLID_BREP('Body3',#2998);
#3000=SHAPE_DEFINITION_REPRESENTATION(#5155,#3001);
#3001=SHAPE_REPRESENTATION('headband_LissEYEjous_v2',(#3002),#5150);
#3002=AXIS2_PLACEMENT_3D('',#3859,#3253,#3254);
#3003=AXIS2_PLACEMENT_3D('',#3860,#3255,#3256);
#3004=AXIS2_PLACEMENT_3D('',#3869,#3261,#3262);
#3005=AXIS2_PLACEMENT_3D('',#3878,#3267,#3268);
#3006=AXIS2_PLACEMENT_3D('',#3879,#3269,#3270);
#3007=AXIS2_PLACEMENT_3D('',#3884,#3272,#3273);
#3008=AXIS2_PLACEMENT_3D('',#3888,#3275,#3276);
#3009=AXIS2_PLACEMENT_3D('',#3892,#3278,#3279);
#3010=AXIS2_PLACEMENT_3D('',#3939,#3293,#3294);
#3011=AXIS2_PLACEMENT_3D('',#3940,#3295,#3296);
#3012=AXIS2_PLACEMENT_3D('',#3945,#3298,#3299);
#3013=AXIS2_PLACEMENT_3D('',#3949,#3301,#3302);
#3014=AXIS2_PLACEMENT_3D('',#3953,#3304,#3305);
#3015=AXIS2_PLACEMENT_3D('',#3964,#3311,#3312);
#3016=AXIS2_PLACEMENT_3D('',#3973,#3314,#3315);
#3017=AXIS2_PLACEMENT_3D('',#3974,#3316,#3317);
#3018=AXIS2_PLACEMENT_3D('',#3975,#3318,#3319);
#3019=AXIS2_PLACEMENT_3D('',#3983,#3320,#3321);
#3020=AXIS2_PLACEMENT_3D('',#3985,#3322,#3323);
#3021=AXIS2_PLACEMENT_3D('',#3986,#3324,#3325);
#3022=AXIS2_PLACEMENT_3D('',#3987,#3326,#3327);
#3023=AXIS2_PLACEMENT_3D('',#3996,#3328,#3329);
#3024=AXIS2_PLACEMENT_3D('',#3998,#3330,#3331);
#3025=AXIS2_PLACEMENT_3D('',#3999,#3332,#3333);
#3026=AXIS2_PLACEMENT_3D('',#4007,#3335,#3336);
#3027=AXIS2_PLACEMENT_3D('',#4008,#3337,#3338);
#3028=AXIS2_PLACEMENT_3D('',#4037,#3343,#3344);
#3029=AXIS2_PLACEMENT_3D('',#4041,#3346,#3347);
#3030=AXIS2_PLACEMENT_3D('',#4045,#3349,#3350);
#3031=AXIS2_PLACEMENT_3D('',#4046,#3351,#3352);
#3032=AXIS2_PLACEMENT_3D('',#4050,#3354,#3355);
#3033=AXIS2_PLACEMENT_3D('',#4054,#3357,#3358);
#3034=AXIS2_PLACEMENT_3D('',#4055,#3359,#3360);
#3035=AXIS2_PLACEMENT_3D('',#4075,#3362,#3363);
#3036=AXIS2_PLACEMENT_3D('',#4088,#3364,#3365);
#3037=AXIS2_PLACEMENT_3D('',#4092,#3367,#3368);
#3038=AXIS2_PLACEMENT_3D('',#4096,#3370,#3371);
#3039=AXIS2_PLACEMENT_3D('',#4121,#3372,#3373);
#3040=AXIS2_PLACEMENT_3D('',#4125,#3375,#3376);
#3041=AXIS2_PLACEMENT_3D('',#4126,#3377,#3378);
#3042=AXIS2_PLACEMENT_3D('',#4127,#3379,#3380);
#3043=AXIS2_PLACEMENT_3D('',#4128,#3381,#3382);
#3044=AXIS2_PLACEMENT_3D('',#4129,#3383,#3384);
#3045=AXIS2_PLACEMENT_3D('',#4130,#3385,#3386);
#3046=AXIS2_PLACEMENT_3D('',#4131,#3387,#3388);
#3047=AXIS2_PLACEMENT_3D('',#4135,#3390,#3391);
#3048=AXIS2_PLACEMENT_3D('',#4136,#3392,#3393);
#3049=AXIS2_PLACEMENT_3D('',#4137,#3394,#3395);
#3050=AXIS2_PLACEMENT_3D('',#4141,#3397,#3398);
#3051=AXIS2_PLACEMENT_3D('',#4142,#3399,#3400);
#3052=AXIS2_PLACEMENT_3D('',#4143,#3401,#3402);
#3053=AXIS2_PLACEMENT_3D('',#4145,#3403,#3404);
#3054=AXIS2_PLACEMENT_3D('',#4146,#3405,#3406);
#3055=AXIS2_PLACEMENT_3D('',#4161,#3407,#3408);
#3056=AXIS2_PLACEMENT_3D('',#4162,#3409,#3410);
#3057=AXIS2_PLACEMENT_3D('',#4163,#3411,#3412);
#3058=AXIS2_PLACEMENT_3D('',#4165,#3413,#3414);
#3059=AXIS2_PLACEMENT_3D('',#4166,#3415,#3416);
#3060=AXIS2_PLACEMENT_3D('',#4181,#3417,#3418);
#3061=AXIS2_PLACEMENT_3D('',#4182,#3419,#3420);
#3062=AXIS2_PLACEMENT_3D('',#4199,#3421,#3422);
#3063=AXIS2_PLACEMENT_3D('',#4203,#3424,#3425);
#3064=AXIS2_PLACEMENT_3D('',#4204,#3426,#3427);
#3065=AXIS2_PLACEMENT_3D('',#4216,#3429,#3430);
#3066=AXIS2_PLACEMENT_3D('',#4227,#3431,#3432);
#3067=AXIS2_PLACEMENT_3D('',#4236,#3433,#3434);
#3068=AXIS2_PLACEMENT_3D('',#4247,#3436,#3437);
#3069=AXIS2_PLACEMENT_3D('',#4258,#3438,#3439);
#3070=AXIS2_PLACEMENT_3D('',#4294,#3442,#3443);
#3071=AXIS2_PLACEMENT_3D('',#4295,#3444,#3445);
#3072=AXIS2_PLACEMENT_3D('',#4297,#3446,#3447);
#3073=AXIS2_PLACEMENT_3D('',#4299,#3448,#3449);
#3074=AXIS2_PLACEMENT_3D('',#4300,#3450,#3451);
#3075=AXIS2_PLACEMENT_3D('',#4302,#3452,#3453);
#3076=AXIS2_PLACEMENT_3D('',#4304,#3454,#3455);
#3077=AXIS2_PLACEMENT_3D('',#4317,#3456,#3457);
#3078=AXIS2_PLACEMENT_3D('',#4330,#3458,#3459);
#3079=AXIS2_PLACEMENT_3D('',#4353,#3462,#3463);
#3080=AXIS2_PLACEMENT_3D('',#4357,#3465,#3466);
#3081=AXIS2_PLACEMENT_3D('',#4358,#3467,#3468);
#3082=AXIS2_PLACEMENT_3D('',#4359,#3469,#3470);
#3083=AXIS2_PLACEMENT_3D('',#4360,#3471,#3472);
#3084=AXIS2_PLACEMENT_3D('',#4364,#3474,#3475);
#3085=AXIS2_PLACEMENT_3D('',#4365,#3476,#3477);
#3086=AXIS2_PLACEMENT_3D('',#4366,#3478,#3479);
#3087=AXIS2_PLACEMENT_3D('',#4367,#3480,#3481);
#3088=AXIS2_PLACEMENT_3D('',#4376,#3486,#3487);
#3089=AXIS2_PLACEMENT_3D('',#4387,#3493,#3494);
#3090=AXIS2_PLACEMENT_3D('',#4391,#3496,#3497);
#3091=AXIS2_PLACEMENT_3D('',#4392,#3498,#3499);
#3092=AXIS2_PLACEMENT_3D('',#4394,#3500,#3501);
#3093=AXIS2_PLACEMENT_3D('',#4395,#3502,#3503);
#3094=AXIS2_PLACEMENT_3D('',#4404,#3508,#3509);
#3095=AXIS2_PLACEMENT_3D('',#4406,#3510,#3511);
#3096=AXIS2_PLACEMENT_3D('',#4407,#3512,#3513);
#3097=AXIS2_PLACEMENT_3D('',#4411,#3515,#3516);
#3098=AXIS2_PLACEMENT_3D('',#4414,#3518,#3519);
#3099=AXIS2_PLACEMENT_3D('',#4426,#3521,#3522);
#3100=AXIS2_PLACEMENT_3D('',#4439,#3523,#3524);
#3101=AXIS2_PLACEMENT_3D('',#4448,#3525,#3526);
#3102=AXIS2_PLACEMENT_3D('',#4453,#3528,#3529);
#3103=AXIS2_PLACEMENT_3D('',#4456,#3531,#3532);
#3104=AXIS2_PLACEMENT_3D('',#4471,#3533,#3534);
#3105=AXIS2_PLACEMENT_3D('',#4486,#3535,#3536);
#3106=AXIS2_PLACEMENT_3D('',#4501,#3537,#3538);
#3107=AXIS2_PLACEMENT_3D('',#4541,#3539,#3540);
#3108=AXIS2_PLACEMENT_3D('',#4542,#3541,#3542);
#3109=AXIS2_PLACEMENT_3D('',#4543,#3543,#3544);
#3110=AXIS2_PLACEMENT_3D('',#4574,#3545,#3546);
#3111=AXIS2_PLACEMENT_3D('',#4575,#3547,#3548);
#3112=AXIS2_PLACEMENT_3D('',#4576,#3549,#3550);
#3113=AXIS2_PLACEMENT_3D('',#4602,#3551,#3552);
#3114=AXIS2_PLACEMENT_3D('',#4603,#3553,#3554);
#3115=AXIS2_PLACEMENT_3D('',#4604,#3555,#3556);
#3116=AXIS2_PLACEMENT_3D('',#4605,#3557,#3558);
#3117=AXIS2_PLACEMENT_3D('',#4606,#3559,#3560);
#3118=AXIS2_PLACEMENT_3D('',#4607,#3561,#3562);
#3119=AXIS2_PLACEMENT_3D('',#4608,#3563,#3564);
#3120=AXIS2_PLACEMENT_3D('',#4609,#3565,#3566);
#3121=AXIS2_PLACEMENT_3D('',#4610,#3567,#3568);
#3122=AXIS2_PLACEMENT_3D('',#4611,#3569,#3570);
#3123=AXIS2_PLACEMENT_3D('',#4612,#3571,#3572);
#3124=AXIS2_PLACEMENT_3D('',#4613,#3573,#3574);
#3125=AXIS2_PLACEMENT_3D('',#4614,#3575,#3576);
#3126=AXIS2_PLACEMENT_3D('',#4615,#3577,#3578);
#3127=AXIS2_PLACEMENT_3D('',#4616,#3579,#3580);
#3128=AXIS2_PLACEMENT_3D('',#4617,#3581,#3582);
#3129=AXIS2_PLACEMENT_3D('',#4618,#3583,#3584);
#3130=AXIS2_PLACEMENT_3D('',#4619,#3585,#3586);
#3131=AXIS2_PLACEMENT_3D('',#4645,#3587,#3588);
#3132=AXIS2_PLACEMENT_3D('',#4646,#3589,#3590);
#3133=AXIS2_PLACEMENT_3D('',#4647,#3591,#3592);
#3134=AXIS2_PLACEMENT_3D('',#4672,#3593,#3594);
#3135=AXIS2_PLACEMENT_3D('',#4673,#3595,#3596);
#3136=AXIS2_PLACEMENT_3D('',#4674,#3597,#3598);
#3137=AXIS2_PLACEMENT_3D('',#4700,#3599,#3600);
#3138=AXIS2_PLACEMENT_3D('',#4701,#3601,#3602);
#3139=AXIS2_PLACEMENT_3D('',#4702,#3603,#3604);
#3140=AXIS2_PLACEMENT_3D('',#4724,#3605,#3606);
#3141=AXIS2_PLACEMENT_3D('',#4749,#3607,#3608);
#3142=AXIS2_PLACEMENT_3D('',#4750,#3609,#3610);
#3143=AXIS2_PLACEMENT_3D('',#4751,#3611,#3612);
#3144=AXIS2_PLACEMENT_3D('',#4752,#3613,#3614);
#3145=AXIS2_PLACEMENT_3D('',#4753,#3615,#3616);
#3146=AXIS2_PLACEMENT_3D('',#4790,#3617,#3618);
#3147=AXIS2_PLACEMENT_3D('',#4791,#3619,#3620);
#3148=AXIS2_PLACEMENT_3D('',#4792,#3621,#3622);
#3149=AXIS2_PLACEMENT_3D('',#4793,#3623,#3624);
#3150=AXIS2_PLACEMENT_3D('',#4794,#3625,#3626);
#3151=AXIS2_PLACEMENT_3D('',#4795,#3627,#3628);
#3152=AXIS2_PLACEMENT_3D('',#4827,#3629,#3630);
#3153=AXIS2_PLACEMENT_3D('',#4828,#3631,#3632);
#3154=AXIS2_PLACEMENT_3D('',#4829,#3633,#3634);
#3155=AXIS2_PLACEMENT_3D('',#4830,#3635,#3636);
#3156=AXIS2_PLACEMENT_3D('',#4831,#3637,#3638);
#3157=AXIS2_PLACEMENT_3D('',#4832,#3639,#3640);
#3158=AXIS2_PLACEMENT_3D('',#4833,#3641,#3642);
#3159=AXIS2_PLACEMENT_3D('',#4834,#3643,#3644);
#3160=AXIS2_PLACEMENT_3D('',#4835,#3645,#3646);
#3161=AXIS2_PLACEMENT_3D('',#4836,#3647,#3648);
#3162=AXIS2_PLACEMENT_3D('',#4837,#3649,#3650);
#3163=AXIS2_PLACEMENT_3D('',#4838,#3651,#3652);
#3164=AXIS2_PLACEMENT_3D('',#4839,#3653,#3654);
#3165=AXIS2_PLACEMENT_3D('',#4840,#3655,#3656);
#3166=AXIS2_PLACEMENT_3D('',#4841,#3657,#3658);
#3167=AXIS2_PLACEMENT_3D('',#4842,#3659,#3660);
#3168=AXIS2_PLACEMENT_3D('',#4843,#3661,#3662);
#3169=AXIS2_PLACEMENT_3D('',#4844,#3663,#3664);
#3170=AXIS2_PLACEMENT_3D('',#4869,#3665,#3666);
#3171=AXIS2_PLACEMENT_3D('',#4870,#3667,#3668);
#3172=AXIS2_PLACEMENT_3D('',#4871,#3669,#3670);
#3173=AXIS2_PLACEMENT_3D('',#4872,#3671,#3672);
#3174=AXIS2_PLACEMENT_3D('',#4873,#3673,#3674);
#3175=AXIS2_PLACEMENT_3D('',#4874,#3675,#3676);
#3176=AXIS2_PLACEMENT_3D('',#4896,#3677,#3678);
#3177=AXIS2_PLACEMENT_3D('',#4918,#3679,#3680);
#3178=AXIS2_PLACEMENT_3D('',#4919,#3681,#3682);
#3179=AXIS2_PLACEMENT_3D('',#4936,#3683,#3684);
#3180=AXIS2_PLACEMENT_3D('',#4937,#3685,#3686);
#3181=AXIS2_PLACEMENT_3D('',#4938,#3687,#3688);
#3182=AXIS2_PLACEMENT_3D('',#4939,#3689,#3690);
#3183=AXIS2_PLACEMENT_3D('',#4940,#3691,#3692);
#3184=AXIS2_PLACEMENT_3D('',#4941,#3693,#3694);
#3185=AXIS2_PLACEMENT_3D('',#4942,#3695,#3696);
#3186=AXIS2_PLACEMENT_3D('',#4943,#3697,#3698);
#3187=AXIS2_PLACEMENT_3D('',#4944,#3699,#3700);
#3188=AXIS2_PLACEMENT_3D('',#4980,#3701,#3702);
#3189=AXIS2_PLACEMENT_3D('',#4981,#3703,#3704);
#3190=AXIS2_PLACEMENT_3D('',#4982,#3705,#3706);
#3191=AXIS2_PLACEMENT_3D('',#4998,#3707,#3708);
#3192=AXIS2_PLACEMENT_3D('',#4999,#3709,#3710);
#3193=AXIS2_PLACEMENT_3D('',#5000,#3711,#3712);
#3194=AXIS2_PLACEMENT_3D('',#5031,#3713,#3714);
#3195=AXIS2_PLACEMENT_3D('',#5032,#3715,#3716);
#3196=AXIS2_PLACEMENT_3D('',#5033,#3717,#3718);
#3197=AXIS2_PLACEMENT_3D('',#5049,#3719,#3720);
#3198=AXIS2_PLACEMENT_3D('',#5058,#3725,#3726);
#3199=AXIS2_PLACEMENT_3D('',#5067,#3731,#3732);
#3200=AXIS2_PLACEMENT_3D('',#5076,#3737,#3738);
#3201=AXIS2_PLACEMENT_3D('',#5085,#3743,#3744);
#3202=AXIS2_PLACEMENT_3D('',#5086,#3745,#3746);
#3203=AXIS2_PLACEMENT_3D('',#5087,#3747,#3748);
#3204=AXIS2_PLACEMENT_3D('',#5089,#3750,#3751);
#3205=AXIS2_PLACEMENT_3D('',#5090,#3752,#3753);
#3206=AXIS2_PLACEMENT_3D('',#5092,#3755,#3756);
#3207=AXIS2_PLACEMENT_3D('',#5093,#3757,#3758);
#3208=AXIS2_PLACEMENT_3D('',#5094,#3759,#3760);
#3209=AXIS2_PLACEMENT_3D('',#5096,#3762,#3763);
#3210=AXIS2_PLACEMENT_3D('',#5097,#3764,#3765);
#3211=AXIS2_PLACEMENT_3D('',#5098,#3766,#3767);
#3212=AXIS2_PLACEMENT_3D('',#5099,#3768,#3769);
#3213=AXIS2_PLACEMENT_3D('',#5101,#3771,#3772);
#3214=AXIS2_PLACEMENT_3D('',#5102,#3773,#3774);
#3215=AXIS2_PLACEMENT_3D('',#5103,#3775,#3776);
#3216=AXIS2_PLACEMENT_3D('',#5104,#3777,#3778);
#3217=AXIS2_PLACEMENT_3D('',#5105,#3779,#3780);
#3218=AXIS2_PLACEMENT_3D('',#5106,#3781,#3782);
#3219=AXIS2_PLACEMENT_3D('',#5107,#3783,#3784);
#3220=AXIS2_PLACEMENT_3D('',#5108,#3785,#3786);
#3221=AXIS2_PLACEMENT_3D('',#5109,#3787,#3788);
#3222=AXIS2_PLACEMENT_3D('',#5110,#3789,#3790);
#3223=AXIS2_PLACEMENT_3D('',#5111,#3791,#3792);
#3224=AXIS2_PLACEMENT_3D('',#5112,#3793,#3794);
#3225=AXIS2_PLACEMENT_3D('',#5113,#3795,#3796);
#3226=AXIS2_PLACEMENT_3D('',#5114,#3797,#3798);
#3227=AXIS2_PLACEMENT_3D('',#5115,#3799,#3800);
#3228=AXIS2_PLACEMENT_3D('',#5116,#3801,#3802);
#3229=AXIS2_PLACEMENT_3D('',#5117,#3803,#3804);
#3230=AXIS2_PLACEMENT_3D('',#5118,#3805,#3806);
#3231=AXIS2_PLACEMENT_3D('',#5119,#3807,#3808);
#3232=AXIS2_PLACEMENT_3D('',#5120,#3809,#3810);
#3233=AXIS2_PLACEMENT_3D('',#5121,#3811,#3812);
#3234=AXIS2_PLACEMENT_3D('',#5122,#3813,#3814);
#3235=AXIS2_PLACEMENT_3D('',#5123,#3815,#3816);
#3236=AXIS2_PLACEMENT_3D('',#5124,#3817,#3818);
#3237=AXIS2_PLACEMENT_3D('',#5125,#3819,#3820);
#3238=AXIS2_PLACEMENT_3D('',#5126,#3821,#3822);
#3239=AXIS2_PLACEMENT_3D('',#5127,#3823,#3824);
#3240=AXIS2_PLACEMENT_3D('',#5128,#3825,#3826);
#3241=AXIS2_PLACEMENT_3D('',#5129,#3827,#3828);
#3242=AXIS2_PLACEMENT_3D('',#5130,#3829,#3830);
#3243=AXIS2_PLACEMENT_3D('',#5131,#3831,#3832);
#3244=AXIS2_PLACEMENT_3D('',#5132,#3833,#3834);
#3245=AXIS2_PLACEMENT_3D('',#5133,#3835,#3836);
#3246=AXIS2_PLACEMENT_3D('',#5136,#3839,#3840);
#3247=AXIS2_PLACEMENT_3D('',#5139,#3843,#3844);
#3248=AXIS2_PLACEMENT_3D('',#5140,#3845,#3846);
#3249=AXIS2_PLACEMENT_3D('',#5141,#3847,#3848);
#3250=AXIS2_PLACEMENT_3D('',#5144,#3851,#3852);
#3251=AXIS2_PLACEMENT_3D('',#5146,#3854,#3855);
#3252=AXIS2_PLACEMENT_3D('',#5148,#3857,#3858);
#3253=DIRECTION('',(0.,0.,1.));
#3254=DIRECTION('',(1.,0.,0.));
#3255=DIRECTION('',(0.,1.,0.));
#3256=DIRECTION('',(0.,0.,1.));
#3257=DIRECTION('',(1.,0.,0.));
#3258=DIRECTION('',(0.,0.,-1.));
#3259=DIRECTION('',(1.,0.,0.));
#3260=DIRECTION('',(0.,0.,-1.));
#3261=DIRECTION('',(0.,-1.,0.));
#3262=DIRECTION('',(0.,0.,-1.));
#3263=DIRECTION('',(-1.,0.,0.));
#3264=DIRECTION('',(0.,0.,-1.));
#3265=DIRECTION('',(-1.,0.,0.));
#3266=DIRECTION('',(0.,0.,-1.));
#3267=DIRECTION('',(0.,0.,-1.));
#3268=DIRECTION('',(-1.,0.,0.));
#3269=DIRECTION('',(0.,0.,-1.));
#3270=DIRECTION('',(-1.,0.,0.));
#3271=DIRECTION('',(-1.,0.,0.));
#3272=DIRECTION('',(0.,0.,-1.));
#3273=DIRECTION('',(-1.,0.,0.));
#3274=DIRECTION('',(0.,1.,0.));
#3275=DIRECTION('',(0.,0.,-1.));
#3276=DIRECTION('',(-1.,0.,0.));
#3277=DIRECTION('',(1.,0.,0.));
#3278=DIRECTION('',(0.,0.,-1.));
#3279=DIRECTION('',(-1.,0.,0.));
#3280=DIRECTION('',(0.,-1.,0.));
#3281=DIRECTION('',(-1.,0.,0.));
#3282=DIRECTION('',(0.,-1.,0.));
#3283=DIRECTION('',(-1.,0.,0.));
#3284=DIRECTION('',(0.,-1.,0.));
#3285=DIRECTION('',(-1.,0.,0.));
#3286=DIRECTION('',(0.,-1.,0.));
#3287=DIRECTION('',(1.,0.,0.));
#3288=DIRECTION('',(0.,-1.,0.));
#3289=DIRECTION('',(-1.,0.,0.));
#3290=DIRECTION('',(0.,-1.,0.));
#3291=DIRECTION('',(1.,0.,0.));
#3292=DIRECTION('',(0.,-1.,0.));
#3293=DIRECTION('',(0.,0.,-1.));
#3294=DIRECTION('',(-1.,0.,0.));
#3295=DIRECTION('',(0.,0.,-1.));
#3296=DIRECTION('',(-1.,0.,0.));
#3297=DIRECTION('',(-1.,0.,0.));
#3298=DIRECTION('',(0.,0.,-1.));
#3299=DIRECTION('',(-1.,0.,0.));
#3300=DIRECTION('',(0.,-1.,0.));
#3301=DIRECTION('',(0.,0.,-1.));
#3302=DIRECTION('',(-1.,0.,0.));
#3303=DIRECTION('',(1.,0.,0.));
#3304=DIRECTION('',(0.,0.,-1.));
#3305=DIRECTION('',(-1.,0.,0.));
#3306=DIRECTION('',(0.,1.,0.));
#3307=DIRECTION('',(-1.,0.,0.));
#3308=DIRECTION('',(0.,1.,0.));
#3309=DIRECTION('',(-1.,0.,0.));
#3310=DIRECTION('',(0.,1.,0.));
#3311=DIRECTION('',(-1.,0.,0.));
#3312=DIRECTION('',(0.,0.,1.));
#3313=DIRECTION('',(-1.,0.,0.));
#3314=DIRECTION('',(-1.,0.,0.));
#3315=DIRECTION('',(0.,0.,1.));
#3316=DIRECTION('',(0.,1.,0.));
#3317=DIRECTION('',(0.,0.,1.));
#3318=DIRECTION('',(0.,1.,0.));
#3319=DIRECTION('',(0.,0.,1.));
#3320=DIRECTION('',(0.,1.,0.));
#3321=DIRECTION('',(0.,0.,1.));
#3322=DIRECTION('',(-0.233067013000593,2.08128625006514E-16,0.97246067655766));
#3323=DIRECTION('',(0.97246067655766,0.,0.233067013000593));
#3324=DIRECTION('',(0.,1.,0.));
#3325=DIRECTION('',(0.,0.,1.));
#3326=DIRECTION('',(0.,1.,0.));
#3327=DIRECTION('',(0.,0.,1.));
#3328=DIRECTION('',(0.,1.,0.));
#3329=DIRECTION('',(0.,0.,1.));
#3330=DIRECTION('',(0.233067013000593,0.,-0.97246067655766));
#3331=DIRECTION('',(-0.97246067655766,0.,-0.233067013000593));
#3332=DIRECTION('',(1.,0.,0.));
#3333=DIRECTION('',(0.,0.,-1.));
#3334=DIRECTION('',(-1.,0.,0.));
#3335=DIRECTION('',(-1.,0.,0.));
#3336=DIRECTION('',(0.,0.,1.));
#3337=DIRECTION('',(0.,0.,1.));
#3338=DIRECTION('',(1.,0.,0.));
#3339=DIRECTION('',(1.,0.,0.));
#3340=DIRECTION('',(0.,1.,0.));
#3341=DIRECTION('',(-1.,0.,0.));
#3342=DIRECTION('',(0.,-1.,0.));
#3343=DIRECTION('',(0.,1.,0.));
#3344=DIRECTION('',(1.,0.,0.));
#3345=DIRECTION('',(1.,0.,0.));
#3346=DIRECTION('',(0.,1.,0.));
#3347=DIRECTION('',(0.,0.,1.));
#3348=DIRECTION('',(-1.,0.,0.));
#3349=DIRECTION('',(0.,1.,0.));
#3350=DIRECTION('',(0.,0.,1.));
#3351=DIRECTION('',(0.,-1.,0.));
#3352=DIRECTION('',(0.,0.,-1.));
#3353=DIRECTION('',(1.,0.,0.));
#3354=DIRECTION('',(0.,-1.,0.));
#3355=DIRECTION('',(0.,0.,-1.));
#3356=DIRECTION('',(-1.,0.,0.));
#3357=DIRECTION('',(0.,-1.,0.));
#3358=DIRECTION('',(0.,0.,-1.));
#3359=DIRECTION('',(0.,1.,0.));
#3360=DIRECTION('',(6.12323399573677E-17,0.,-1.));
#3361=DIRECTION('',(0.,1.,0.));
#3362=DIRECTION('',(0.,1.,0.));
#3363=DIRECTION('',(0.,0.,1.));
#3364=DIRECTION('',(0.,-1.,0.));
#3365=DIRECTION('',(0.,0.,-1.));
#3366=DIRECTION('',(0.,-1.,0.));
#3367=DIRECTION('',(0.,1.,0.));
#3368=DIRECTION('',(0.,0.,1.));
#3369=DIRECTION('',(0.,1.,0.));
#3370=DIRECTION('',(0.,1.,0.));
#3371=DIRECTION('',(0.,0.,1.));
#3372=DIRECTION('',(0.,1.,0.));
#3373=DIRECTION('',(0.785322276016853,0.,0.619087168976801));
#3374=DIRECTION('',(0.,1.,0.));
#3375=DIRECTION('',(0.,-1.,0.));
#3376=DIRECTION('',(0.,0.,-1.));
#3377=DIRECTION('',(0.,1.,0.));
#3378=DIRECTION('',(0.,0.,1.));
#3379=DIRECTION('',(0.,1.,0.));
#3380=DIRECTION('',(-0.626143061052479,0.,0.779708193554378));
#3381=DIRECTION('',(0.,-1.,0.));
#3382=DIRECTION('',(0.,0.,-1.));
#3383=DIRECTION('',(0.,1.,0.));
#3384=DIRECTION('',(0.,0.,1.));
#3385=DIRECTION('',(1.,0.,0.));
#3386=DIRECTION('',(0.,-0.707106781186546,0.707106781186549));
#3387=DIRECTION('',(1.,0.,0.));
#3388=DIRECTION('',(0.,0.,-1.));
#3389=DIRECTION('',(1.,0.,0.));
#3390=DIRECTION('',(-1.,0.,0.));
#3391=DIRECTION('',(0.,0.,1.));
#3392=DIRECTION('',(1.,0.,0.));
#3393=DIRECTION('',(0.,0.707106781186548,0.707106781186548));
#3394=DIRECTION('',(-1.,0.,0.));
#3395=DIRECTION('',(0.,0.,1.));
#3396=DIRECTION('',(-1.,0.,0.));
#3397=DIRECTION('',(1.,0.,0.));
#3398=DIRECTION('',(0.,0.,-1.));
#3399=DIRECTION('',(-1.,0.,0.));
#3400=DIRECTION('',(0.,1.,0.));
#3401=DIRECTION('',(-1.,0.,0.));
#3402=DIRECTION('',(0.,1.,0.));
#3403=DIRECTION('',(-1.,0.,0.));
#3404=DIRECTION('',(0.,1.,0.));
#3405=DIRECTION('',(-1.,0.,0.));
#3406=DIRECTION('',(0.,1.,0.));
#3407=DIRECTION('',(-1.,0.,0.));
#3408=DIRECTION('',(0.,1.,0.));
#3409=DIRECTION('',(-1.,0.,0.));
#3410=DIRECTION('',(0.,1.,0.));
#3411=DIRECTION('',(-1.,0.,0.));
#3412=DIRECTION('',(0.,1.,0.));
#3413=DIRECTION('',(-1.,0.,0.));
#3414=DIRECTION('',(0.,1.,0.));
#3415=DIRECTION('',(-1.,0.,0.));
#3416=DIRECTION('',(0.,1.,0.));
#3417=DIRECTION('',(-1.,0.,0.));
#3418=DIRECTION('',(0.,1.,0.));
#3419=DIRECTION('',(-1.,0.,0.));
#3420=DIRECTION('',(0.,-0.707106781186548,0.707106781186548));
#3421=DIRECTION('',(0.,1.,0.));
#3422=DIRECTION('',(6.12323399573677E-17,0.,-1.));
#3423=DIRECTION('',(0.,1.,0.));
#3424=DIRECTION('',(0.,1.,0.));
#3425=DIRECTION('',(0.,0.,1.));
#3426=DIRECTION('',(0.,1.,0.));
#3427=DIRECTION('',(0.,0.,1.));
#3428=DIRECTION('',(0.,1.,0.));
#3429=DIRECTION('',(0.,-1.,0.));
#3430=DIRECTION('',(0.,0.,-1.));
#3431=DIRECTION('',(0.,1.,0.));
#3432=DIRECTION('',(0.,0.,1.));
#3433=DIRECTION('',(0.,1.,0.));
#3434=DIRECTION('',(6.12323399573677E-17,0.,-1.));
#3435=DIRECTION('',(0.,1.,0.));
#3436=DIRECTION('',(0.,1.,0.));
#3437=DIRECTION('',(0.,0.,1.));
#3438=DIRECTION('',(0.,-1.,0.));
#3439=DIRECTION('',(0.,0.,-1.));
#3440=DIRECTION('',(0.,1.,0.));
#3441=DIRECTION('',(0.,1.,0.));
#3442=DIRECTION('',(-1.,0.,0.));
#3443=DIRECTION('',(0.,1.,0.));
#3444=DIRECTION('',(-1.,0.,0.));
#3445=DIRECTION('',(0.,1.,0.));
#3446=DIRECTION('',(-1.,0.,0.));
#3447=DIRECTION('',(0.,1.,0.));
#3448=DIRECTION('',(-1.,0.,0.));
#3449=DIRECTION('',(0.,1.,0.));
#3450=DIRECTION('',(-1.,0.,0.));
#3451=DIRECTION('',(0.,1.,0.));
#3452=DIRECTION('',(-1.,0.,0.));
#3453=DIRECTION('',(0.,1.,0.));
#3454=DIRECTION('',(-1.,0.,0.));
#3455=DIRECTION('',(0.,1.,0.));
#3456=DIRECTION('',(-1.,0.,0.));
#3457=DIRECTION('',(0.,1.,0.));
#3458=DIRECTION('',(-1.,0.,0.));
#3459=DIRECTION('',(0.,-0.707106781186548,0.707106781186548));
#3460=DIRECTION('',(1.,0.,0.));
#3461=DIRECTION('',(-1.,0.,0.));
#3462=DIRECTION('',(0.,1.,0.));
#3463=DIRECTION('',(1.,0.,0.));
#3464=DIRECTION('',(-1.,0.,0.));
#3465=DIRECTION('',(0.,1.,0.));
#3466=DIRECTION('',(0.,0.,1.));
#3467=DIRECTION('',(0.,1.,0.));
#3468=DIRECTION('',(0.,0.,1.));
#3469=DIRECTION('',(0.,-1.,0.));
#3470=DIRECTION('',(0.,0.,-1.));
#3471=DIRECTION('',(0.,-1.,0.));
#3472=DIRECTION('',(0.,0.,-1.));
#3473=DIRECTION('',(1.,0.,0.));
#3474=DIRECTION('',(0.,-1.,0.));
#3475=DIRECTION('',(0.,0.,-1.));
#3476=DIRECTION('',(-1.,0.,0.));
#3477=DIRECTION('',(0.,1.,0.));
#3478=DIRECTION('',(-1.,0.,0.));
#3479=DIRECTION('',(0.,1.,0.));
#3480=DIRECTION('',(0.,0.,1.));
#3481=DIRECTION('',(1.,0.,0.));
#3482=DIRECTION('',(0.,1.,0.));
#3483=DIRECTION('',(-1.,0.,0.));
#3484=DIRECTION('',(0.,-1.,0.));
#3485=DIRECTION('',(1.,0.,0.));
#3486=DIRECTION('',(0.,1.,0.));
#3487=DIRECTION('',(0.,0.,1.));
#3488=DIRECTION('',(1.,0.,0.));
#3489=DIRECTION('',(0.,0.,1.));
#3490=DIRECTION('',(-1.,0.,0.));
#3491=DIRECTION('',(0.,0.,-1.));
#3492=DIRECTION('',(-1.,0.,0.));
#3493=DIRECTION('',(0.,1.,0.));
#3494=DIRECTION('',(0.,0.,1.));
#3495=DIRECTION('',(-1.,0.,0.));
#3496=DIRECTION('',(0.,1.,0.));
#3497=DIRECTION('',(0.,0.,1.));
#3498=DIRECTION('',(0.,1.,0.));
#3499=DIRECTION('',(0.,0.,1.));
#3500=DIRECTION('',(0.,1.,0.));
#3501=DIRECTION('',(0.,0.,1.));
#3502=DIRECTION('',(0.,1.,0.));
#3503=DIRECTION('',(1.,0.,0.));
#3504=DIRECTION('',(0.,0.,-1.));
#3505=DIRECTION('',(-1.,0.,0.));
#3506=DIRECTION('',(0.,0.,1.));
#3507=DIRECTION('',(1.,0.,0.));
#3508=DIRECTION('',(0.,1.,0.));
#3509=DIRECTION('',(0.,0.,1.));
#3510=DIRECTION('',(0.,1.,0.));
#3511=DIRECTION('',(0.,0.,1.));
#3512=DIRECTION('',(0.,1.,0.));
#3513=DIRECTION('',(0.,0.,1.));
#3514=DIRECTION('',(-1.,0.,0.));
#3515=DIRECTION('',(0.,1.,0.));
#3516=DIRECTION('',(0.,0.,1.));
#3517=DIRECTION('',(1.,0.,0.));
#3518=DIRECTION('',(0.,1.,0.));
#3519=DIRECTION('',(6.12323399573677E-17,0.,-1.));
#3520=DIRECTION('',(0.,1.,0.));
#3521=DIRECTION('',(0.,-1.,0.));
#3522=DIRECTION('',(0.,0.,-1.));
#3523=DIRECTION('',(0.,1.,0.));
#3524=DIRECTION('',(0.,0.,1.));
#3525=DIRECTION('',(0.,1.,0.));
#3526=DIRECTION('',(0.,0.,1.));
#3527=DIRECTION('',(0.,1.,0.));
#3528=DIRECTION('',(0.,1.,0.));
#3529=DIRECTION('',(0.,0.,1.));
#3530=DIRECTION('',(0.,1.,0.));
#3531=DIRECTION('',(-1.,0.,0.));
#3532=DIRECTION('',(0.,0.,1.));
#3533=DIRECTION('',(1.,0.,0.));
#3534=DIRECTION('',(0.,0.,-1.));
#3535=DIRECTION('',(1.,0.,0.));
#3536=DIRECTION('',(0.,0.,-1.));
#3537=DIRECTION('',(-1.,0.,0.));
#3538=DIRECTION('',(0.,0.,1.));
#3539=DIRECTION('',(0.553292755480291,0.,0.832986870684662));
#3540=DIRECTION('',(0.832986870684663,0.,-0.553292755480291));
#3541=DIRECTION('',(0.,-1.,0.));
#3542=DIRECTION('',(0.,0.,-1.));
#3543=DIRECTION('',(0.000558961286400407,0.,0.999999843781128));
#3544=DIRECTION('',(0.999999843781128,0.,-0.000558961286400407));
#3545=DIRECTION('',(-0.000558961286399618,7.48423024536727E-16,-0.999999843781128));
#3546=DIRECTION('',(-0.999999843781128,0.,0.000558961286399618));
#3547=DIRECTION('',(0.,1.,0.));
#3548=DIRECTION('',(0.,0.,1.));
#3549=DIRECTION('',(-0.553292755480301,0.,-0.832986870684656));
#3550=DIRECTION('',(-0.832986870684656,0.,0.553292755480301));
#3551=DIRECTION('',(0.,1.,0.));
#3552=DIRECTION('',(0.,0.,1.));
#3553=DIRECTION('',(0.,1.,0.));
#3554=DIRECTION('',(0.,0.,1.));
#3555=DIRECTION('',(0.,1.,0.));
#3556=DIRECTION('',(0.,0.,1.));
#3557=DIRECTION('',(0.,1.,0.));
#3558=DIRECTION('',(0.,0.,1.));
#3559=DIRECTION('',(0.,1.,0.));
#3560=DIRECTION('',(0.,0.,1.));
#3561=DIRECTION('',(0.,-1.,0.));
#3562=DIRECTION('',(0.,0.,-1.));
#3563=DIRECTION('',(-1.,0.,0.));
#3564=DIRECTION('',(0.,0.,1.));
#3565=DIRECTION('',(-1.,0.,0.));
#3566=DIRECTION('',(0.,0.,1.));
#3567=DIRECTION('',(-1.,0.,0.));
#3568=DIRECTION('',(0.,0.,1.));
#3569=DIRECTION('',(2.07131161310664E-14,-1.,0.));
#3570=DIRECTION('',(1.,2.07131161310664E-14,0.));
#3571=DIRECTION('',(0.,1.,0.));
#3572=DIRECTION('',(0.,0.,1.));
#3573=DIRECTION('',(-0.64306584797798,0.,-0.765810887337312));
#3574=DIRECTION('',(-0.765810887337312,0.,0.64306584797798));
#3575=DIRECTION('',(-0.215657306842091,0.,0.976469111649527));
#3576=DIRECTION('',(0.976469111649527,0.,0.215657306842091));
#3577=DIRECTION('',(0.,1.,0.));
#3578=DIRECTION('',(0.,0.,1.));
#3579=DIRECTION('',(-1.,0.,0.));
#3580=DIRECTION('',(0.,0.,1.));
#3581=DIRECTION('',(-1.,0.,0.));
#3582=DIRECTION('',(0.,0.,1.));
#3583=DIRECTION('',(-1.,0.,0.));
#3584=DIRECTION('',(0.,0.,1.));
#3585=DIRECTION('',(0.,0.,1.));
#3586=DIRECTION('',(1.,0.,0.));
#3587=DIRECTION('',(-0.553292755480301,0.,0.832986870684656));
#3588=DIRECTION('',(0.832986870684656,0.,0.553292755480301));
#3589=DIRECTION('',(0.,-1.,0.));
#3590=DIRECTION('',(0.,0.,-1.));
#3591=DIRECTION('',(-0.000558961286400415,0.,0.999999843781128));
#3592=DIRECTION('',(0.999999843781128,0.,0.000558961286400415));
#3593=DIRECTION('',(0.000558961286400365,7.48423024536727E-16,-0.999999843781128));
#3594=DIRECTION('',(-0.999999843781128,0.,-0.000558961286400365));
#3595=DIRECTION('',(0.,1.,0.));
#3596=DIRECTION('',(0.,0.,1.));
#3597=DIRECTION('',(0.553292755480299,-8.62687689407243E-15,-0.832986870684658));
#3598=DIRECTION('',(-0.832986870684658,0.,-0.553292755480299));
#3599=DIRECTION('',(0.,1.,0.));
#3600=DIRECTION('',(0.,0.,1.));
#3601=DIRECTION('',(0.000517207836930633,0.,0.999999866248018));
#3602=DIRECTION('',(0.999999866248018,0.,-0.000517207836930633));
#3603=DIRECTION('',(-0.51196273554944,-1.70798090193721E-15,-0.859007658527405));
#3604=DIRECTION('',(-0.859007658527405,0.,0.51196273554944));
#3605=DIRECTION('',(0.,-1.,0.));
#3606=DIRECTION('',(0.,0.,-1.));
#3607=DIRECTION('',(-0.000517207836931422,0.,-0.999999866248018));
#3608=DIRECTION('',(-0.999999866248018,0.,0.000517207836931422));
#3609=DIRECTION('',(0.,1.,0.));
#3610=DIRECTION('',(0.,0.,1.));
#3611=DIRECTION('',(0.,-1.,0.));
#3612=DIRECTION('',(0.,0.,-1.));
#3613=DIRECTION('',(0.,-1.,0.));
#3614=DIRECTION('',(0.,0.,-1.));
#3615=DIRECTION('',(-0.511962735549442,0.,-0.859007658527404));
#3616=DIRECTION('',(-0.859007658527404,0.,0.511962735549442));
#3617=DIRECTION('',(0.,1.,0.));
#3618=DIRECTION('',(0.,0.,1.));
#3619=DIRECTION('',(0.,1.,0.));
#3620=DIRECTION('',(0.,0.,1.));
#3621=DIRECTION('',(0.,1.,0.));
#3622=DIRECTION('',(0.,0.,1.));
#3623=DIRECTION('',(0.,1.,0.));
#3624=DIRECTION('',(0.,0.,1.));
#3625=DIRECTION('',(1.23557390479635E-16,-1.,-1.61821219773957E-16));
#3626=DIRECTION('',(0.,1.61821219773957E-16,-1.));
#3627=DIRECTION('',(4.88637500452965E-14,1.,0.));
#3628=DIRECTION('',(-1.,4.88637500452965E-14,0.));
#3629=DIRECTION('',(0.,1.,0.));
#3630=DIRECTION('',(0.,0.,1.));
#3631=DIRECTION('',(0.606866515312971,0.,-0.794803769865173));
#3632=DIRECTION('',(-0.794803769865173,0.,-0.606866515312971));
#3633=DIRECTION('',(0.,1.,0.));
#3634=DIRECTION('',(0.,0.,1.));
#3635=DIRECTION('',(0.,1.,0.));
#3636=DIRECTION('',(0.,0.,1.));
#3637=DIRECTION('',(-0.64306584797798,0.,-0.765810887337312));
#3638=DIRECTION('',(-0.765810887337312,0.,0.64306584797798));
#3639=DIRECTION('',(-0.215657306842091,0.,0.976469111649527));
#3640=DIRECTION('',(0.976469111649527,0.,0.215657306842091));
#3641=DIRECTION('',(0.,0.,1.));
#3642=DIRECTION('',(1.,0.,0.));
#3643=DIRECTION('',(1.,0.,0.));
#3644=DIRECTION('',(0.,0.,-1.));
#3645=DIRECTION('',(1.,0.,0.));
#3646=DIRECTION('',(0.,0.,-1.));
#3647=DIRECTION('',(1.,0.,2.07131161310662E-14));
#3648=DIRECTION('',(2.07131161310662E-14,0.,-1.));
#3649=DIRECTION('',(0.,0.,-1.));
#3650=DIRECTION('',(-1.,0.,0.));
#3651=DIRECTION('',(0.,1.,0.));
#3652=DIRECTION('',(0.,0.,1.));
#3653=DIRECTION('',(0.,1.,0.));
#3654=DIRECTION('',(0.,0.,1.));
#3655=DIRECTION('',(0.,1.,0.));
#3656=DIRECTION('',(0.,0.,1.));
#3657=DIRECTION('',(0.,0.,-1.));
#3658=DIRECTION('',(-1.,0.,0.));
#3659=DIRECTION('',(-1.,-2.07131161310663E-14,0.));
#3660=DIRECTION('',(2.07131161310663E-14,-1.,0.));
#3661=DIRECTION('',(-1.,0.,0.));
#3662=DIRECTION('',(0.,0.,1.));
#3663=DIRECTION('',(-1.,0.,0.));
#3664=DIRECTION('',(0.,0.,1.));
#3665=DIRECTION('',(0.00051720783693213,7.48423041351471E-16,-0.999999866248018));
#3666=DIRECTION('',(-0.999999866248018,0.,-0.00051720783693213));
#3667=DIRECTION('',(0.000517207836931411,1.0712985990258E-17,-0.999999866248018));
#3668=DIRECTION('',(-0.999999866248018,0.,-0.000517207836931411));
#3669=DIRECTION('',(0.,-1.,0.));
#3670=DIRECTION('',(0.,0.,-1.));
#3671=DIRECTION('',(0.51196273554944,1.70798090193722E-15,-0.859007658527405));
#3672=DIRECTION('',(-0.859007658527405,0.,-0.51196273554944));
#3673=DIRECTION('',(0.,1.,0.));
#3674=DIRECTION('',(0.,0.,1.));
#3675=DIRECTION('',(0.511962735549442,0.,-0.859007658527404));
#3676=DIRECTION('',(-0.859007658527404,0.,-0.511962735549442));
#3677=DIRECTION('',(0.,1.,0.));
#3678=DIRECTION('',(0.,0.,1.));
#3679=DIRECTION('',(0.,-1.,0.));
#3680=DIRECTION('',(0.,0.,-1.));
#3681=DIRECTION('',(0.,1.,0.));
#3682=DIRECTION('',(0.,0.,1.));
#3683=DIRECTION('',(0.,1.,0.));
#3684=DIRECTION('',(0.,0.,1.));
#3685=DIRECTION('',(0.643065847977983,0.,-0.765810887337309));
#3686=DIRECTION('',(-0.76581088733731,0.,-0.643065847977983));
#3687=DIRECTION('',(-0.765810887337312,0.,-0.64306584797798));
#3688=DIRECTION('',(-0.64306584797798,0.,0.765810887337312));
#3689=DIRECTION('',(0.,1.,0.));
#3690=DIRECTION('',(0.,0.,1.));
#3691=DIRECTION('',(0.,1.,0.));
#3692=DIRECTION('',(0.,0.,1.));
#3693=DIRECTION('',(6.76182477735619E-15,1.,0.));
#3694=DIRECTION('',(-1.,6.76182477735619E-15,0.));
#3695=DIRECTION('',(-0.765810887337312,0.,-0.64306584797798));
#3696=DIRECTION('',(-0.64306584797798,0.,0.765810887337312));
#3697=DIRECTION('',(-0.643065847977981,0.,0.765810887337311));
#3698=DIRECTION('',(0.765810887337311,0.,0.643065847977981));
#3699=DIRECTION('',(0.,1.,0.));
#3700=DIRECTION('',(0.,0.,1.));
#3701=DIRECTION('',(0.,1.,0.));
#3702=DIRECTION('',(0.,0.,1.));
#3703=DIRECTION('',(0.606866515312981,0.,-0.794803769865166));
#3704=DIRECTION('',(-0.794803769865166,0.,-0.606866515312981));
#3705=DIRECTION('',(0.,1.,0.));
#3706=DIRECTION('',(0.,0.,1.));
#3707=DIRECTION('',(-3.25758333635303E-15,1.,-1.34949403905013E-28));
#3708=DIRECTION('',(-1.,-3.25758333635303E-15,0.));
#3709=DIRECTION('',(0.,1.,0.));
#3710=DIRECTION('',(0.,0.,1.));
#3711=DIRECTION('',(-1.23557390479635E-16,1.,-1.61821219773956E-16));
#3712=DIRECTION('',(0.,1.61821219773956E-16,1.));
#3713=DIRECTION('',(0.,-1.,0.));
#3714=DIRECTION('',(0.,0.,-1.));
#3715=DIRECTION('',(0.,1.,0.));
#3716=DIRECTION('',(0.,0.,1.));
#3717=DIRECTION('',(0.,-1.,0.));
#3718=DIRECTION('',(0.,0.,-1.));
#3719=DIRECTION('',(1.,0.,0.));
#3720=DIRECTION('',(0.,0.,-1.));
#3721=DIRECTION('',(0.,0.,-1.));
#3722=DIRECTION('',(0.,-1.,0.));
#3723=DIRECTION('',(0.,0.,-1.));
#3724=DIRECTION('',(0.,-1.,0.));
#3725=DIRECTION('',(0.,1.,0.));
#3726=DIRECTION('',(0.,0.,1.));
#3727=DIRECTION('',(-1.,0.,0.));
#3728=DIRECTION('',(0.,0.,-1.));
#3729=DIRECTION('',(1.,0.,0.));
#3730=DIRECTION('',(0.,0.,-1.));
#3731=DIRECTION('',(-1.,0.,0.));
#3732=DIRECTION('',(0.,0.,1.));
#3733=DIRECTION('',(0.,0.,-1.));
#3734=DIRECTION('',(0.,1.,0.));
#3735=DIRECTION('',(0.,0.,-1.));
#3736=DIRECTION('',(0.,1.,0.));
#3737=DIRECTION('',(0.,-1.,0.));
#3738=DIRECTION('',(0.,0.,-1.));
#3739=DIRECTION('',(1.,0.,0.));
#3740=DIRECTION('',(0.,0.,-1.));
#3741=DIRECTION('',(-1.,0.,0.));
#3742=DIRECTION('',(0.,0.,-1.));
#3743=DIRECTION('',(0.,0.,1.));
#3744=DIRECTION('',(1.,0.,0.));
#3745=DIRECTION('',(0.,0.,-1.));
#3746=DIRECTION('',(-1.,0.,0.));
#3747=DIRECTION('',(0.,0.,-1.));
#3748=DIRECTION('',(-1.,0.,0.));
#3749=DIRECTION('',(0.,0.,1.));
#3750=DIRECTION('',(0.,0.,1.));
#3751=DIRECTION('',(1.,0.,0.));
#3752=DIRECTION('',(0.,0.,-1.));
#3753=DIRECTION('',(-1.,0.,0.));
#3754=DIRECTION('',(0.,0.,-1.));
#3755=DIRECTION('',(0.,0.,-1.));
#3756=DIRECTION('',(-1.,0.,0.));
#3757=DIRECTION('',(0.,0.,1.));
#3758=DIRECTION('',(1.,0.,0.));
#3759=DIRECTION('',(0.,0.,-1.));
#3760=DIRECTION('',(-1.,0.,0.));
#3761=DIRECTION('',(0.,0.,1.));
#3762=DIRECTION('',(0.,0.,-1.));
#3763=DIRECTION('',(-1.,0.,0.));
#3764=DIRECTION('',(0.,0.,1.));
#3765=DIRECTION('',(1.,0.,0.));
#3766=DIRECTION('',(0.,0.,-1.));
#3767=DIRECTION('',(-1.,0.,0.));
#3768=DIRECTION('',(0.,0.,-1.));
#3769=DIRECTION('',(-1.,0.,0.));
#3770=DIRECTION('',(0.,0.,-1.));
#3771=DIRECTION('',(-1.,0.,0.));
#3772=DIRECTION('',(0.,0.,1.));
#3773=DIRECTION('',(-1.,0.,0.));
#3774=DIRECTION('',(0.,0.,1.));
#3775=DIRECTION('',(1.,0.,0.));
#3776=DIRECTION('',(0.,0.,-1.));
#3777=DIRECTION('',(0.,0.,-1.));
#3778=DIRECTION('',(-1.,0.,0.));
#3779=DIRECTION('',(0.,1.,0.));
#3780=DIRECTION('',(0.,0.,1.));
#3781=DIRECTION('',(0.,0.,-1.));
#3782=DIRECTION('',(-1.,0.,0.));
#3783=DIRECTION('',(0.,1.,0.));
#3784=DIRECTION('',(0.,0.,1.));
#3785=DIRECTION('',(0.,-1.,0.));
#3786=DIRECTION('',(0.,0.,-1.));
#3787=DIRECTION('',(0.,1.,0.));
#3788=DIRECTION('',(0.,0.,1.));
#3789=DIRECTION('',(0.,1.,0.));
#3790=DIRECTION('',(0.,0.,1.));
#3791=DIRECTION('',(0.,1.,0.));
#3792=DIRECTION('',(0.,0.,1.));
#3793=DIRECTION('',(0.,0.,-1.));
#3794=DIRECTION('',(-1.,0.,0.));
#3795=DIRECTION('',(-1.,0.,0.));
#3796=DIRECTION('',(0.,0.,1.));
#3797=DIRECTION('',(0.,0.,-1.));
#3798=DIRECTION('',(-1.,0.,0.));
#3799=DIRECTION('',(1.,0.,0.));
#3800=DIRECTION('',(0.,0.,-1.));
#3801=DIRECTION('',(1.,0.,0.));
#3802=DIRECTION('',(0.,0.,-1.));
#3803=DIRECTION('',(1.,0.,0.));
#3804=DIRECTION('',(0.,0.,-1.));
#3805=DIRECTION('',(-1.,0.,0.));
#3806=DIRECTION('',(0.,0.,1.));
#3807=DIRECTION('',(1.,0.,0.));
#3808=DIRECTION('',(0.,0.,-1.));
#3809=DIRECTION('',(0.,0.,-1.));
#3810=DIRECTION('',(-1.,0.,0.));
#3811=DIRECTION('',(0.,1.,0.));
#3812=DIRECTION('',(0.,0.,1.));
#3813=DIRECTION('',(0.,0.,-1.));
#3814=DIRECTION('',(-1.,0.,0.));
#3815=DIRECTION('',(0.,1.,0.));
#3816=DIRECTION('',(0.,0.,1.));
#3817=DIRECTION('',(0.,1.,0.));
#3818=DIRECTION('',(0.,0.,1.));
#3819=DIRECTION('',(0.,1.,0.));
#3820=DIRECTION('',(0.,0.,1.));
#3821=DIRECTION('',(0.,-1.,0.));
#3822=DIRECTION('',(0.,0.,-1.));
#3823=DIRECTION('',(0.,1.,0.));
#3824=DIRECTION('',(0.,0.,1.));
#3825=DIRECTION('',(0.,0.,-1.));
#3826=DIRECTION('',(-1.,0.,0.));
#3827=DIRECTION('',(-1.,0.,0.));
#3828=DIRECTION('',(0.,0.,1.));
#3829=DIRECTION('',(0.,0.,-1.));
#3830=DIRECTION('',(-1.,0.,0.));
#3831=DIRECTION('',(1.,0.,0.));
#3832=DIRECTION('',(0.,0.,-1.));
#3833=DIRECTION('',(-1.,0.,0.));
#3834=DIRECTION('',(0.,0.,1.));
#3835=DIRECTION('',(-1.,0.,0.));
#3836=DIRECTION('',(0.,0.,1.));
#3837=DIRECTION('',(0.,-1.,0.));
#3838=DIRECTION('',(0.,-1.,0.));
#3839=DIRECTION('',(1.,0.,0.));
#3840=DIRECTION('',(0.,0.,-1.));
#3841=DIRECTION('',(0.,-1.,0.));
#3842=DIRECTION('',(0.,-1.,0.));
#3843=DIRECTION('',(0.,0.,-1.));
#3844=DIRECTION('',(-1.,0.,0.));
#3845=DIRECTION('',(0.,0.,1.));
#3846=DIRECTION('',(1.,0.,0.));
#3847=DIRECTION('',(-1.,0.,0.));
#3848=DIRECTION('',(0.,0.,1.));
#3849=DIRECTION('',(0.,-1.,0.));
#3850=DIRECTION('',(0.,-1.,0.));
#3851=DIRECTION('',(0.,0.,1.));
#3852=DIRECTION('',(1.,0.,0.));
#3853=DIRECTION('',(0.,-1.,0.));
#3854=DIRECTION('',(0.,0.,-1.));
#3855=DIRECTION('',(-1.,0.,0.));
#3856=DIRECTION('',(0.,-1.,0.));
#3857=DIRECTION('',(1.,0.,0.));
#3858=DIRECTION('',(0.,0.,-1.));
#3859=CARTESIAN_POINT('',(0.,0.,0.));
#3860=CARTESIAN_POINT('',(-60.,9.155,-38.3895252912596));
#3861=CARTESIAN_POINT('',(-60.,9.155,-70.63));
#3862=CARTESIAN_POINT('',(-54.29,9.15500000000002,-70.63));
#3863=CARTESIAN_POINT('',(54.29,9.155,-70.63));
#3864=CARTESIAN_POINT('',(-54.29,9.155,-66.16));
#3865=CARTESIAN_POINT('',(-54.29,9.155,-66.83));
#3866=CARTESIAN_POINT('',(54.29,9.155,-66.83));
#3867=CARTESIAN_POINT('',(54.29,9.155,-66.83));
#3868=CARTESIAN_POINT('',(54.29,9.155,-76.6));
#3869=CARTESIAN_POINT('',(60.,21.925,-38.3895252912596));
#3870=CARTESIAN_POINT('',(60.,21.925,-70.63));
#3871=CARTESIAN_POINT('',(54.29,21.925,-70.63));
#3872=CARTESIAN_POINT('',(-54.29,21.925,-70.63));
#3873=CARTESIAN_POINT('',(54.29,21.925,-66.16));
#3874=CARTESIAN_POINT('',(54.29,21.925,-66.83));
#3875=CARTESIAN_POINT('',(-54.29,21.925,-66.83));
#3876=CARTESIAN_POINT('',(-54.29,21.925,-66.83));
#3877=CARTESIAN_POINT('',(-54.29,21.925,-76.6));
#3878=CARTESIAN_POINT('',(-98.6064370363314,4.98920117109407,-66.16));
#3879=CARTESIAN_POINT('',(-54.29,16.215,-66.16));
#3880=CARTESIAN_POINT('',(-60.67,16.215,-66.16));
#3881=CARTESIAN_POINT('',(-54.29,22.595,-66.16));
#3882=CARTESIAN_POINT('',(54.29,22.595,-66.16));
#3883=CARTESIAN_POINT('',(54.29,22.595,-66.16));
#3884=CARTESIAN_POINT('',(54.29,16.215,-66.16));
#3885=CARTESIAN_POINT('',(60.67,16.215,-66.16));
#3886=CARTESIAN_POINT('',(60.67,14.865,-66.16));
#3887=CARTESIAN_POINT('',(60.67,14.865,-66.16));
#3888=CARTESIAN_POINT('',(54.29,14.865,-66.16));
#3889=CARTESIAN_POINT('',(54.29,8.485,-66.16));
#3890=CARTESIAN_POINT('',(-54.29,8.485,-66.16));
#3891=CARTESIAN_POINT('',(-54.29,8.485,-66.16));
#3892=CARTESIAN_POINT('',(-54.29,14.865,-66.16));
#3893=CARTESIAN_POINT('',(-60.67,14.865,-66.16));
#3894=CARTESIAN_POINT('',(-60.67,16.215,-66.16));
#3895=CARTESIAN_POINT('',(86.1020128974927,15.88,-66.16));
#3896=CARTESIAN_POINT('',(97.3419576801289,15.88,-66.16));
#3897=CARTESIAN_POINT('',(86.4315111808188,15.88,-66.16));
#3898=CARTESIAN_POINT('',(85.7712488249996,18.4185894756117,-66.16));
#3899=CARTESIAN_POINT('',(85.7712488249997,17.528766423193,-66.16));
#3900=CARTESIAN_POINT('',(86.030401310094,16.6597594792368,-66.1600000000014));
#3901=CARTESIAN_POINT('',(86.4315111808188,15.88,-66.16));
#3902=CARTESIAN_POINT('',(85.7712488249996,18.4185894756117,-66.16));
#3903=CARTESIAN_POINT('',(85.7712488249996,31.08,-66.16));
#3904=CARTESIAN_POINT('',(85.7712488249996,31.08,-66.16));
#3905=CARTESIAN_POINT('',(-86.1020128974927,31.08,-66.16));
#3906=CARTESIAN_POINT('',(-85.7712488249996,31.08,-66.16));
#3907=CARTESIAN_POINT('',(-85.7712488249996,0.,-66.16));
#3908=CARTESIAN_POINT('',(-85.7712488249996,18.4185894756204,-66.16));
#3909=CARTESIAN_POINT('',(-85.7712488249996,18.4185894756204,-66.16));
#3910=CARTESIAN_POINT('',(-85.771248824998,17.5295883769438,-66.16));
#3911=CARTESIAN_POINT('',(-86.0304657337242,16.6596342375061,-66.16));
#3912=CARTESIAN_POINT('',(-86.4315111808188,15.8800000000014,-66.16));
#3913=CARTESIAN_POINT('',(-86.4315111808188,15.88,-66.16));
#3914=CARTESIAN_POINT('',(-98.6064370363314,15.88,-66.16));
#3915=CARTESIAN_POINT('',(-97.3419576801289,15.88,-66.16));
#3916=CARTESIAN_POINT('',(-97.3419576801289,15.87,-66.16));
#3917=CARTESIAN_POINT('',(-97.3419576801289,15.87,-66.16));
#3918=CARTESIAN_POINT('',(-86.1020128974927,15.87,-66.16));
#3919=CARTESIAN_POINT('',(-86.4315111808188,15.87,-66.16));
#3920=CARTESIAN_POINT('',(-85.7712488249996,13.3314105243883,-66.16));
#3921=CARTESIAN_POINT('',(-85.7712488249996,14.2238892234487,-66.16));
#3922=CARTESIAN_POINT('',(-86.0238653376614,15.0775345965453,-66.1600000000013));
#3923=CARTESIAN_POINT('',(-86.4315111808188,15.8699999999996,-66.16));
#3924=CARTESIAN_POINT('',(-85.7712488249996,13.3314105243883,-66.16));
#3925=CARTESIAN_POINT('',(-85.7712488249996,0.,-66.16));
#3926=CARTESIAN_POINT('',(-85.7712488249996,0.67,-66.16));
#3927=CARTESIAN_POINT('',(-98.6064370363314,0.67,-66.16));
#3928=CARTESIAN_POINT('',(85.7712488249996,0.67,-66.16));
#3929=CARTESIAN_POINT('',(85.7712488249996,14.0612123147283,-66.16));
#3930=CARTESIAN_POINT('',(85.7712488249996,13.3314105243883,-66.16));
#3931=CARTESIAN_POINT('',(85.7712488249996,13.3314105243883,-66.16));
#3932=CARTESIAN_POINT('',(85.7712488249996,14.2211636701039,-66.16));
#3933=CARTESIAN_POINT('',(86.030378156685,15.0901955102322,-66.16));
#3934=CARTESIAN_POINT('',(86.4315111808188,15.87,-66.16));
#3935=CARTESIAN_POINT('',(86.4315111808188,15.87,-66.16));
#3936=CARTESIAN_POINT('',(98.6064370363314,15.87,-66.16));
#3937=CARTESIAN_POINT('',(97.3419576801289,15.87,-66.16));
#3938=CARTESIAN_POINT('',(97.3419576801289,15.88,-66.16));
#3939=CARTESIAN_POINT('',(-90.7348611339655,-71.8471001766775,-76.6));
#3940=CARTESIAN_POINT('',(54.29,16.215,-76.6));
#3941=CARTESIAN_POINT('',(60.67,16.215,-76.6));
#3942=CARTESIAN_POINT('',(54.29,22.595,-76.6));
#3943=CARTESIAN_POINT('',(-90.7348611339655,22.595,-76.6));
#3944=CARTESIAN_POINT('',(-54.29,22.595,-76.6));
#3945=CARTESIAN_POINT('',(-54.29,16.215,-76.6));
#3946=CARTESIAN_POINT('',(-60.67,16.215,-76.6));
#3947=CARTESIAN_POINT('',(-60.67,-71.8471001766775,-76.6));
#3948=CARTESIAN_POINT('',(-60.67,14.865,-76.6));
#3949=CARTESIAN_POINT('',(-54.29,14.865,-76.6));
#3950=CARTESIAN_POINT('',(-54.29,8.48500000000001,-76.6));
#3951=CARTESIAN_POINT('',(-90.7348611339655,8.48500000000001,-76.6));
#3952=CARTESIAN_POINT('',(54.29,8.48500000000001,-76.6));
#3953=CARTESIAN_POINT('',(54.29,14.865,-76.6));
#3954=CARTESIAN_POINT('',(60.67,14.865,-76.6));
#3955=CARTESIAN_POINT('',(60.67,-71.8471001766775,-76.6));
#3956=CARTESIAN_POINT('',(-90.7348611339656,0.670000000000004,-76.6));
#3957=CARTESIAN_POINT('',(90.4231205223531,0.670000000000004,-76.6));
#3958=CARTESIAN_POINT('',(-90.4231205223531,0.670000000000004,-76.6));
#3959=CARTESIAN_POINT('',(-90.4231205223531,-71.8471001766775,-76.6));
#3960=CARTESIAN_POINT('',(-90.4231205223531,31.08,-76.6));
#3961=CARTESIAN_POINT('',(-90.7348611339655,31.08,-76.6));
#3962=CARTESIAN_POINT('',(90.4231205223531,31.08,-76.6));
#3963=CARTESIAN_POINT('',(90.4231205223531,-71.8471001766775,-76.6));
#3964=CARTESIAN_POINT('',(0.,0.67,-66.83));
#3965=CARTESIAN_POINT('',(0.,0.,-66.83));
#3966=CARTESIAN_POINT('',(86.4315111808188,0.,-66.83));
#3967=CARTESIAN_POINT('',(-85.7712488249996,0.,-66.83));
#3968=CARTESIAN_POINT('',(85.7712488249996,0.67,-66.16));
#3969=CARTESIAN_POINT('',(85.7712488249996,0.454898205608132,-66.16));
#3970=CARTESIAN_POINT('',(85.9843422832564,0.0902860375242834,-66.3753511799543));
#3971=CARTESIAN_POINT('',(86.2808968707707,0.,-66.6765835186263));
#3972=CARTESIAN_POINT('',(86.4315111808188,0.,-66.83));
#3973=CARTESIAN_POINT('',(-85.7712488249996,0.67,-66.83));
#3974=CARTESIAN_POINT('',(0.,0.67,0.));
#3975=CARTESIAN_POINT('',(0.,0.67,0.));
#3976=CARTESIAN_POINT('',(86.3037673508093,0.67,-65.8966005652597));
#3977=CARTESIAN_POINT('',(105.594642564013,0.67,25.3075816066694));
#3978=CARTESIAN_POINT('',(86.3037673508093,0.67,-65.8966005652597));
#3979=CARTESIAN_POINT('',(86.3037673508093,0.454710338290082,-65.8966005652597));
#3980=CARTESIAN_POINT('',(86.3448576304896,0.090364537227063,-66.1978518524292));
#3981=CARTESIAN_POINT('',(86.4022443777645,0.,-66.616821156375));
#3982=CARTESIAN_POINT('',(86.4315111808188,0.,-66.83));
#3983=CARTESIAN_POINT('',(0.,0.,0.));
#3984=CARTESIAN_POINT('',(106.246191217307,0.,25.4637365053798));
#3985=CARTESIAN_POINT('',(106.246191217307,0.67,25.4637365053798));
#3986=CARTESIAN_POINT('',(0.,31.08,0.));
#3987=CARTESIAN_POINT('',(0.,31.75,0.));
#3988=CARTESIAN_POINT('',(86.4315111808188,31.75,-66.83));
#3989=CARTESIAN_POINT('',(106.246191217307,31.75,25.4637365053798));
#3990=CARTESIAN_POINT('',(86.3037673508093,31.08,-65.8966005652597));
#3991=CARTESIAN_POINT('',(86.3037673508093,31.2952896617099,-65.8966005652597));
#3992=CARTESIAN_POINT('',(86.3448576304927,31.659635462773,-66.1978518524287));
#3993=CARTESIAN_POINT('',(86.4022443777583,31.75,-66.6168211563759));
#3994=CARTESIAN_POINT('',(86.4315111808188,31.75,-66.83));
#3995=CARTESIAN_POINT('',(86.3037673508093,31.08,-65.8966005652597));
#3996=CARTESIAN_POINT('',(0.,31.08,0.));
#3997=CARTESIAN_POINT('',(105.594642564013,31.08,25.3075816066694));
#3998=CARTESIAN_POINT('',(106.246191217307,31.08,25.4637365053798));
#3999=CARTESIAN_POINT('',(-98.6064370363314,31.08,-66.83));
#4000=CARTESIAN_POINT('',(85.7712488249996,31.08,-66.16));
#4001=CARTESIAN_POINT('',(85.7712488249996,31.2951017943919,-66.16));
#4002=CARTESIAN_POINT('',(85.9843422832592,31.6597139624757,-66.3753511799515));
#4003=CARTESIAN_POINT('',(86.2808968707651,31.75,-66.6765835186318));
#4004=CARTESIAN_POINT('',(86.4315111808188,31.75,-66.83));
#4005=CARTESIAN_POINT('',(85.7712488249996,31.75,-66.83));
#4006=CARTESIAN_POINT('',(-85.7712488249996,31.75,-66.83));
#4007=CARTESIAN_POINT('',(-85.7712488249996,31.08,-66.83));
#4008=CARTESIAN_POINT('',(-115.833513463364,0.,26.1337365053798));
#4009=CARTESIAN_POINT('',(-106.237796765695,31.115,26.1337365053798));
#4010=CARTESIAN_POINT('',(-106.219050088063,31.115,26.1337365053798));
#4011=CARTESIAN_POINT('',(-106.201802417046,31.0987620523887,26.1337365053798));
#4012=CARTESIAN_POINT('',(-106.201802417046,31.08,26.1337365053798));
#4013=CARTESIAN_POINT('',(-106.237796765695,31.115,26.1337365053798));
#4014=CARTESIAN_POINT('',(-106.201802417046,31.08,26.1337365053798));
#4015=CARTESIAN_POINT('',(-57.9167567316821,31.115,26.1337365053798));
#4016=CARTESIAN_POINT('',(-115.288854889053,31.115,26.1337365053798));
#4017=CARTESIAN_POINT('',(-115.32470046191,31.08,26.1337365053798));
#4018=CARTESIAN_POINT('',(-115.32470046191,31.0987089281988,26.1337365053798));
#4019=CARTESIAN_POINT('',(-115.307551671087,31.1150000000001,26.1337365053798));
#4020=CARTESIAN_POINT('',(-115.288854889053,31.1150000000001,26.1337365053798));
#4021=CARTESIAN_POINT('',(-115.32470046191,31.08,26.1337365053798));
#4022=CARTESIAN_POINT('',(-115.32470046191,0.,26.1337365053798));
#4023=CARTESIAN_POINT('',(-115.32470046191,0.669999999999992,26.1337365053798));
#4024=CARTESIAN_POINT('',(-115.288854889053,0.635,26.1337365053798));
#4025=CARTESIAN_POINT('',(-115.307562940919,0.635,26.1337365053798));
#4026=CARTESIAN_POINT('',(-115.32470046191,0.651278934343802,26.1337365053798));
#4027=CARTESIAN_POINT('',(-115.32470046191,0.669999999999955,26.1337365053798));
#4028=CARTESIAN_POINT('',(-115.288854889053,0.635,26.1337365053798));
#4029=CARTESIAN_POINT('',(-57.9167567316821,0.635,26.1337365053798));
#4030=CARTESIAN_POINT('',(-106.237796765695,0.635,26.1337365053798));
#4031=CARTESIAN_POINT('',(-106.201802417046,0.670000000000002,26.1337365053798));
#4032=CARTESIAN_POINT('',(-106.201802417046,0.65125176562143,26.1337365053798));
#4033=CARTESIAN_POINT('',(-106.219062723238,0.634999999999939,26.1337365053798));
#4034=CARTESIAN_POINT('',(-106.237796765695,0.634999999999924,26.1337365053798));
#4035=CARTESIAN_POINT('',(-106.201802417046,0.670000000000002,26.1337365053798));
#4036=CARTESIAN_POINT('',(-106.201802417046,0.,26.1337365053798));
#4037=CARTESIAN_POINT('',(1.74178207782036,21.59,-56.5426772200092));
#4038=CARTESIAN_POINT('',(62.0667820778203,21.59,-0.0610693153456721));
#4039=CARTESIAN_POINT('',(-118.074984207235,21.59,-0.0610693153456721));
#4040=CARTESIAN_POINT('',(-109.254982932307,21.59,-0.0610693153456721));
#4041=CARTESIAN_POINT('',(0.,21.59,0.));
#4042=CARTESIAN_POINT('',(-101.427329280623,21.59,-60.45));
#4043=CARTESIAN_POINT('',(-86.1020128974927,21.59,-60.45));
#4044=CARTESIAN_POINT('',(-91.0079805566523,21.59,-60.45));
#4045=CARTESIAN_POINT('',(0.,21.59,0.));
#4046=CARTESIAN_POINT('',(1.74178207782036,10.16,-56.5426772200092));
#4047=CARTESIAN_POINT('',(-98.6064370363314,10.16,-60.45));
#4048=CARTESIAN_POINT('',(-91.0079805566523,10.16,-60.45));
#4049=CARTESIAN_POINT('',(-101.427329280623,10.16,-60.45));
#4050=CARTESIAN_POINT('',(0.,10.16,0.));
#4051=CARTESIAN_POINT('',(-118.074984207235,10.16,-0.0610693153456765));
#4052=CARTESIAN_POINT('',(62.0667820778203,10.16,-0.0610693153456765));
#4053=CARTESIAN_POINT('',(-109.254982932307,10.16,-0.0610693153456765));
#4054=CARTESIAN_POINT('',(0.,10.16,0.));
#4055=CARTESIAN_POINT('',(0.,0.,0.));
#4056=CARTESIAN_POINT('',(-102.002864411837,9.49000000000001,-60.7930150328181));
#4057=CARTESIAN_POINT('',(-101.530346484801,9.49000000000001,-61.5858393732062));
#4058=CARTESIAN_POINT('',(-100.583145572021,9.7754154111078,-63.1327282418919));
#4059=CARTESIAN_POINT('',(-99.2322356914994,11.0411155878681,-65.2306570092947));
#4060=CARTESIAN_POINT('',(-98.1809598659123,13.1330126235645,-66.7940945603925));
#4061=CARTESIAN_POINT('',(-97.8943109441195,14.9432824751064,-67.2092174465382));
#4062=CARTESIAN_POINT('',(-97.8943109441195,15.87,-67.2092174465382));
#4063=CARTESIAN_POINT('',(-102.002864411837,9.49000000000001,-60.7930150328181));
#4064=CARTESIAN_POINT('',(-97.8943109441194,15.87,-67.2092174465382));
#4065=CARTESIAN_POINT('',(-97.8943109441195,0.,-67.2092174465382));
#4066=CARTESIAN_POINT('',(-97.8943109441194,15.88,-67.2092174465382));
#4067=CARTESIAN_POINT('',(-97.8943109441194,15.88,-67.2092174465382));
#4068=CARTESIAN_POINT('',(-97.8943109441194,16.8100456143342,-67.2092174465382));
#4069=CARTESIAN_POINT('',(-98.1827813118715,18.6256560333411,-66.7915005903385));
#4070=CARTESIAN_POINT('',(-99.2399914871892,20.7192135580337,-65.2188932666861));
#4071=CARTESIAN_POINT('',(-100.586135514081,21.9745644402586,-63.1277563087157));
#4072=CARTESIAN_POINT('',(-101.529431335823,22.26,-61.58737487555));
#4073=CARTESIAN_POINT('',(-102.002864411837,22.26,-60.7930150328181));
#4074=CARTESIAN_POINT('',(-102.002864411837,22.26,-60.7930150328181));
#4075=CARTESIAN_POINT('',(0.,22.26,0.));
#4076=CARTESIAN_POINT('',(-118.744984117621,22.26,-0.0614158445964162));
#4077=CARTESIAN_POINT('',(-118.744984117621,22.26,-0.0614158445964162));
#4078=CARTESIAN_POINT('',(-118.745859292576,22.26,1.63069857313934));
#4079=CARTESIAN_POINT('',(-118.684106940914,21.225813802448,4.11501958263745));
#4080=CARTESIAN_POINT('',(-118.593043400229,18.382727976694,6.02579359393437));
#4081=CARTESIAN_POINT('',(-118.565243085789,15.8705746915648,6.52781023519689));
#4082=CARTESIAN_POINT('',(-118.593382685971,13.3587110959006,6.02184605814567));
#4083=CARTESIAN_POINT('',(-118.660854530748,11.2359096640156,4.59091036236812));
#4084=CARTESIAN_POINT('',(-118.727577750529,9.82117209112266,2.45151236932699));
#4085=CARTESIAN_POINT('',(-118.745421704656,9.49000000000001,0.784640509110303));
#4086=CARTESIAN_POINT('',(-118.744984117621,9.49000000000001,-0.0614158445964199));
#4087=CARTESIAN_POINT('',(-118.744984117621,9.49000000000001,-0.0614158445964205));
#4088=CARTESIAN_POINT('',(0.,9.49000000000001,0.));
#4089=CARTESIAN_POINT('',(-115.94472573321,0.,25.6358264865914));
#4090=CARTESIAN_POINT('',(-115.94472573321,31.08,25.6358264865914));
#4091=CARTESIAN_POINT('',(-115.94472573321,0.669999999999992,25.6358264865914));
#4092=CARTESIAN_POINT('',(0.,31.08,0.));
#4093=CARTESIAN_POINT('',(-90.9362138168691,31.08,-76.3608541181453));
#4094=CARTESIAN_POINT('',(-90.9362138168691,0.,-76.3608541181453));
#4095=CARTESIAN_POINT('',(-90.9362138168691,0.669999999999992,-76.3608541181452));
#4096=CARTESIAN_POINT('',(0.,0.669999999999992,0.));
#4097=CARTESIAN_POINT('',(-117.512776879939,26.3757767229396,17.0900046202358));
#4098=CARTESIAN_POINT('',(-117.367566882461,24.1298174573483,18.0292932599721));
#4099=CARTESIAN_POINT('',(-117.512536484093,21.8849534476672,17.0918223398757));
#4100=CARTESIAN_POINT('',(-117.820302895228,20.9660324058326,14.8597361546928));
#4101=CARTESIAN_POINT('',(-118.075985633387,21.8859169839544,12.624605740721));
#4102=CARTESIAN_POINT('',(-118.167490568632,24.1301291670747,11.6893432285691));
#4103=CARTESIAN_POINT('',(-118.075753741105,26.3782054621246,12.6270219726312));
#4104=CARTESIAN_POINT('',(-117.819534054639,27.2927496438916,14.8656645939019));
#4105=CARTESIAN_POINT('',(-117.512776879939,26.3757767229396,17.0900046202358));
#4106=CARTESIAN_POINT('',(-117.367566882461,24.1298174573483,18.0292932599721));
#4107=CARTESIAN_POINT('',(-117.512536484093,21.8849534476672,17.0918223398757));
#4108=CARTESIAN_POINT('',(-117.415930148979,24.13,17.7165));
#4109=CARTESIAN_POINT('',(-117.512776879939,9.86577672293958,17.0900046202358));
#4110=CARTESIAN_POINT('',(-117.367566882461,7.61981745734832,18.0292932599721));
#4111=CARTESIAN_POINT('',(-117.512536484093,5.37495344766716,17.0918223398757));
#4112=CARTESIAN_POINT('',(-117.820302895228,4.4560324058326,14.8597361546928));
#4113=CARTESIAN_POINT('',(-118.075985633387,5.37591698395441,12.624605740721));
#4114=CARTESIAN_POINT('',(-118.167490568632,7.6201291670747,11.6893432285691));
#4115=CARTESIAN_POINT('',(-118.075753741105,9.86820546212457,12.6270219726312));
#4116=CARTESIAN_POINT('',(-117.819534054639,10.7827496438916,14.8656645939019));
#4117=CARTESIAN_POINT('',(-117.512776879939,9.86577672293958,17.0900046202358));
#4118=CARTESIAN_POINT('',(-117.367566882461,7.61981745734832,18.0292932599721));
#4119=CARTESIAN_POINT('',(-117.512536484093,5.37495344766716,17.0918223398757));
#4120=CARTESIAN_POINT('',(-117.415930148979,7.62,17.7165));
#4121=CARTESIAN_POINT('',(-106.201802417046,0.,25.4987365053798));
#4122=CARTESIAN_POINT('',(-105.584350077412,0.,25.3504880373253));
#4123=CARTESIAN_POINT('',(-105.584350077412,0.670000000000002,25.3504880373253));
#4124=CARTESIAN_POINT('',(-105.584350077412,31.08,25.3504880373253));
#4125=CARTESIAN_POINT('',(-106.201802417046,31.08,25.4987365053798));
#4126=CARTESIAN_POINT('',(-106.201802417046,0.670000000000002,25.4987365053798));
#4127=CARTESIAN_POINT('',(-115.32470046191,0.,25.4987365053798));
#4128=CARTESIAN_POINT('',(-115.32470046191,31.08,25.4987365053798));
#4129=CARTESIAN_POINT('',(-115.32470046191,0.669999999999992,25.4987365053798));
#4130=CARTESIAN_POINT('',(-57.9167567316821,0.635,25.4987365053798));
#4131=CARTESIAN_POINT('',(-115.288854889053,0.635,25.4987365053798));
#4132=CARTESIAN_POINT('',(-115.288854889053,0.,25.4987365053798));
#4133=CARTESIAN_POINT('',(-57.9167567316821,0.,25.4987365053798));
#4134=CARTESIAN_POINT('',(-106.237796765695,0.,25.4987365053798));
#4135=CARTESIAN_POINT('',(-106.237796765695,0.635,25.4987365053798));
#4136=CARTESIAN_POINT('',(-57.9167567316821,31.115,25.4987365053798));
#4137=CARTESIAN_POINT('',(-106.237796765695,31.115,25.4987365053798));
#4138=CARTESIAN_POINT('',(-106.237796765695,31.75,25.4987365053798));
#4139=CARTESIAN_POINT('',(-57.9167567316821,31.75,25.4987365053798));
#4140=CARTESIAN_POINT('',(-115.288854889053,31.75,25.4987365053798));
#4141=CARTESIAN_POINT('',(-115.288854889053,31.115,25.4987365053798));
#4142=CARTESIAN_POINT('',(-112.394113272445,24.13,14.859));
#4143=CARTESIAN_POINT('',(-109.092113272445,24.13,14.859));
#4144=CARTESIAN_POINT('',(-109.092113272445,26.9875,14.859));
#4145=CARTESIAN_POINT('',(-106.933113272445,24.13,14.859));
#4146=CARTESIAN_POINT('',(-109.092113272445,24.13,14.859));
#4147=CARTESIAN_POINT('',(-109.092113272445,28.8925,14.859));
#4148=CARTESIAN_POINT('',(-106.844709541202,22.2444766960079,19.3668696998497));
#4149=CARTESIAN_POINT('',(-106.749139311212,24.7619234543845,19.8790367699534));
#4150=CARTESIAN_POINT('',(-106.996203853621,27.8703054305002,18.5768205711707));
#4151=CARTESIAN_POINT('',(-107.587821535072,29.4007405088288,14.8761144234665));
#4152=CARTESIAN_POINT('',(-108.02403578135,27.8816474573321,11.142450745332));
#4153=CARTESIAN_POINT('',(-108.159685909907,24.130462294364,9.57498171748473));
#4154=CARTESIAN_POINT('',(-108.024714430154,20.3857214050861,11.1366238715578));
#4155=CARTESIAN_POINT('',(-107.588046908272,18.8563005595484,14.8718212191111));
#4156=CARTESIAN_POINT('',(-107.097076000073,20.1378024825781,17.9528161878553));
#4157=CARTESIAN_POINT('',(-106.844709541202,22.2444766960079,19.3668696998497));
#4158=CARTESIAN_POINT('',(-106.749139311212,24.7619234543845,19.8790367699534));
#4159=CARTESIAN_POINT('',(-106.996203853621,27.8703054305002,18.5768205711707));
#4160=CARTESIAN_POINT('',(-106.797467024036,24.13,19.6215));
#4161=CARTESIAN_POINT('',(-109.092113272445,24.13,14.859));
#4162=CARTESIAN_POINT('',(-112.394113272445,7.62,14.859));
#4163=CARTESIAN_POINT('',(-109.092113272445,7.62,14.859));
#4164=CARTESIAN_POINT('',(-109.092113272445,10.4775,14.859));
#4165=CARTESIAN_POINT('',(-106.933113272445,7.62,14.859));
#4166=CARTESIAN_POINT('',(-109.092113272445,7.62,14.859));
#4167=CARTESIAN_POINT('',(-109.092113272445,12.3825,14.859));
#4168=CARTESIAN_POINT('',(-106.844709541202,5.73447669600789,19.3668696998497));
#4169=CARTESIAN_POINT('',(-106.749139311212,8.25192345438449,19.8790367699534));
#4170=CARTESIAN_POINT('',(-106.996203853621,11.3603054305002,18.5768205711707));
#4171=CARTESIAN_POINT('',(-107.587821535072,12.8907405088288,14.8761144234665));
#4172=CARTESIAN_POINT('',(-108.02403578135,11.371647457332,11.142450745332));
#4173=CARTESIAN_POINT('',(-108.159685909907,7.62046229436402,9.57498171748473));
#4174=CARTESIAN_POINT('',(-108.024714430154,3.87572140508609,11.1366238715578));
#4175=CARTESIAN_POINT('',(-107.588046908272,2.34630055954839,14.8718212191111));
#4176=CARTESIAN_POINT('',(-107.097076000073,3.62780248257809,17.9528161878553));
#4177=CARTESIAN_POINT('',(-106.844709541202,5.73447669600789,19.3668696998497));
#4178=CARTESIAN_POINT('',(-106.749139311212,8.25192345438449,19.8790367699534));
#4179=CARTESIAN_POINT('',(-106.996203853621,11.3603054305002,18.5768205711707));
#4180=CARTESIAN_POINT('',(-106.797467024036,7.62,19.6215));
#4181=CARTESIAN_POINT('',(-109.092113272445,7.62,14.859));
#4182=CARTESIAN_POINT('',(62.0667820778203,15.875,-0.0610693153456765));
#4183=CARTESIAN_POINT('',(-118.074984207235,10.16,-0.0610693153456765));
#4184=CARTESIAN_POINT('',(-118.075420610808,10.16,0.694159369008564));
#4185=CARTESIAN_POINT('',(-118.057713925322,10.4589423688704,2.18093127175475));
#4186=CARTESIAN_POINT('',(-117.968068769679,12.1497003290262,4.72485552814607));
#4187=CARTESIAN_POINT('',(-117.863324920824,15.8674576528712,6.27353422681255));
#4188=CARTESIAN_POINT('',(-117.990851075661,20.3505042419584,4.41431934846012));
#4189=CARTESIAN_POINT('',(-118.075857013634,21.59,1.44938675912608));
#4190=CARTESIAN_POINT('',(-118.074984207235,21.59,-0.0610693153456717));
#4191=CARTESIAN_POINT('',(-109.254982932307,21.59,-0.0610693153456721));
#4192=CARTESIAN_POINT('',(-109.255454584721,21.59,0.694189141502372));
#4193=CARTESIAN_POINT('',(-109.236316668408,21.2910214484453,2.18100767547347));
#4194=CARTESIAN_POINT('',(-109.139431917218,19.600315148861,4.7248130860084));
#4195=CARTESIAN_POINT('',(-109.0262029231,15.8825579344432,6.2735602115381));
#4196=CARTESIAN_POINT('',(-109.164058829892,11.3994762979169,4.41427149700519));
#4197=CARTESIAN_POINT('',(-109.255926236214,10.16,1.44944612428089));
#4198=CARTESIAN_POINT('',(-109.254982932307,10.16,-0.0610693153456762));
#4199=CARTESIAN_POINT('',(0.,0.,0.));
#4200=CARTESIAN_POINT('',(-86.3037673508099,18.4185894756204,-65.8966005652589));
#4201=CARTESIAN_POINT('',(-86.3037673508099,18.4185894756204,-65.8966005652589));
#4202=CARTESIAN_POINT('',(-86.3037673508093,31.08,-65.8966005652597));
#4203=CARTESIAN_POINT('',(0.,31.08,0.));
#4204=CARTESIAN_POINT('',(0.,0.670000000000002,0.));
#4205=CARTESIAN_POINT('',(-86.3037673508093,0.669999999999994,-65.8966005652596));
#4206=CARTESIAN_POINT('',(-86.3037673508093,0.669999999999994,-65.8966005652596));
#4207=CARTESIAN_POINT('',(-86.3037673508093,13.3314105243883,-65.8966005652597));
#4208=CARTESIAN_POINT('',(-86.3037673508093,13.3314105243883,-65.8966005652597));
#4209=CARTESIAN_POINT('',(-86.5111813101558,12.7012122885052,-65.6249536830352));
#4210=CARTESIAN_POINT('',(-87.0582934520416,11.5843792147563,-64.9028833911735));
#4211=CARTESIAN_POINT('',(-88.100843040844,10.3847901805208,-63.4836503521023));
#4212=CARTESIAN_POINT('',(-89.2695533489916,9.65326968676757,-61.8311088516537));
#4213=CARTESIAN_POINT('',(-90.0544259811729,9.49,-60.6746522128195));
#4214=CARTESIAN_POINT('',(-90.4498793532936,9.49,-60.0792938538282));
#4215=CARTESIAN_POINT('',(-90.4498793532936,9.49,-60.0792938538282));
#4216=CARTESIAN_POINT('',(0.,9.49,0.));
#4217=CARTESIAN_POINT('',(-108.584983036974,9.49,-0.0606948112837882));
#4218=CARTESIAN_POINT('',(-108.584983036974,9.49,-0.0606948112837882));
#4219=CARTESIAN_POINT('',(-108.585923469734,9.49,1.62176985313725));
#4220=CARTESIAN_POINT('',(-108.494046888477,10.8867944039318,4.91990758465638));
#4221=CARTESIAN_POINT('',(-108.357887520793,15.8835970698594,6.96775846433965));
#4222=CARTESIAN_POINT('',(-108.469723880136,20.0268477569764,5.26124856593586));
#4223=CARTESIAN_POINT('',(-108.566295351487,21.92383241569,2.43627896598726));
#4224=CARTESIAN_POINT('',(-108.585453254773,22.26,0.780540059688525));
#4225=CARTESIAN_POINT('',(-108.584983036974,22.26,-0.0606948112837836));
#4226=CARTESIAN_POINT('',(-108.584983036974,22.26,-0.0606948112837839));
#4227=CARTESIAN_POINT('',(0.,22.26,0.));
#4228=CARTESIAN_POINT('',(-90.4498793532936,22.26,-60.0792938538282));
#4229=CARTESIAN_POINT('',(-90.4498793532936,22.26,-60.0792938538282));
#4230=CARTESIAN_POINT('',(-90.054427144147,22.26,-60.6746504619521));
#4231=CARTESIAN_POINT('',(-89.2695496137004,22.0967090309422,-61.8311132061552));
#4232=CARTESIAN_POINT('',(-88.1008750342672,21.3652928657601,-63.4836078960854));
#4233=CARTESIAN_POINT('',(-87.0582080054687,20.1653438327419,-64.9029949806625));
#4234=CARTESIAN_POINT('',(-86.5113926776621,19.0494299220269,-65.624676858253));
#4235=CARTESIAN_POINT('',(-86.3037673508117,18.4185894756191,-65.8966005652565));
#4236=CARTESIAN_POINT('',(0.,0.,0.));
#4237=CARTESIAN_POINT('',(86.3037673508093,0.,-65.8966005652597));
#4238=CARTESIAN_POINT('',(86.3037673508093,18.4185894756117,-65.8966005652597));
#4239=CARTESIAN_POINT('',(86.3037673508093,18.4185894756117,-65.8966005652597));
#4240=CARTESIAN_POINT('',(86.5113926776594,19.0494299220206,-65.6246768582566));
#4241=CARTESIAN_POINT('',(87.0582080054658,20.1653438327378,-64.9029949806664));
#4242=CARTESIAN_POINT('',(88.100875034265,21.3652928657584,-63.4836078960885));
#4243=CARTESIAN_POINT('',(89.2695496136992,22.0967090309418,-61.8311132061569));
#4244=CARTESIAN_POINT('',(90.0544271441467,22.26,-60.6746504619527));
#4245=CARTESIAN_POINT('',(90.4498793532936,22.26,-60.0792938538282));
#4246=CARTESIAN_POINT('',(90.4498793532936,22.26,-60.0792938538282));
#4247=CARTESIAN_POINT('',(0.,22.26,0.));
#4248=CARTESIAN_POINT('',(108.584983036974,22.26,-0.0606948112837839));
#4249=CARTESIAN_POINT('',(108.584983036974,22.26,-0.0606948112837839));
#4250=CARTESIAN_POINT('',(108.585453257721,22.26,0.780545334588604));
#4251=CARTESIAN_POINT('',(108.566295094148,21.923828223966,2.43629504461164));
#4252=CARTESIAN_POINT('',(108.469722626576,20.0268202654049,5.26127344321338));
#4253=CARTESIAN_POINT('',(108.35788661524,15.8835326530608,6.96778392155903));
#4254=CARTESIAN_POINT('',(108.49405181891,10.8866972738101,4.91978125216309));
#4255=CARTESIAN_POINT('',(108.585923475931,9.49,1.62178094034584));
#4256=CARTESIAN_POINT('',(108.584983036974,9.49,-0.060694811283788));
#4257=CARTESIAN_POINT('',(108.584983036974,9.49,-0.0606948112837882));
#4258=CARTESIAN_POINT('',(0.,9.49,0.));
#4259=CARTESIAN_POINT('',(90.4498793532936,9.49,-60.0792938538282));
#4260=CARTESIAN_POINT('',(90.4498793532936,9.49,-60.0792938538282));
#4261=CARTESIAN_POINT('',(90.0544271441467,9.49,-60.6746504619527));
#4262=CARTESIAN_POINT('',(89.2695496136993,9.65329096905815,-61.8311132061569));
#4263=CARTESIAN_POINT('',(88.100875034265,10.3847071342416,-63.4836078960884));
#4264=CARTESIAN_POINT('',(87.0582080054658,11.5846561672622,-64.9029949806664));
#4265=CARTESIAN_POINT('',(86.5113926776594,12.7005700779794,-65.6246768582566));
#4266=CARTESIAN_POINT('',(86.3037673508093,13.3314105243883,-65.8966005652597));
#4267=CARTESIAN_POINT('',(86.3037673508093,13.3314105243883,-65.8966005652597));
#4268=CARTESIAN_POINT('',(86.3037673508093,0.,-65.8966005652597));
#4269=CARTESIAN_POINT('',(105.594642564014,0.,25.3075816066694));
#4270=CARTESIAN_POINT('',(106.996736860704,27.8731611349019,18.5752543756153));
#4271=CARTESIAN_POINT('',(106.697934934833,24.1297836015782,20.1439227905323));
#4272=CARTESIAN_POINT('',(106.996325544179,20.3877044587853,18.5780544622553));
#4273=CARTESIAN_POINT('',(107.589010941562,18.8578642228777,14.8674134592926));
#4274=CARTESIAN_POINT('',(108.024524554869,20.3858553481683,11.1371837215027));
#4275=CARTESIAN_POINT('',(108.159702484951,24.1304301056481,9.57507385091034));
#4276=CARTESIAN_POINT('',(108.024159367114,27.881281437737,11.1415222475619));
#4277=CARTESIAN_POINT('',(107.587538166904,29.400115931326,14.8776004195222));
#4278=CARTESIAN_POINT('',(106.996736860704,27.8731611349019,18.5752543756153));
#4279=CARTESIAN_POINT('',(106.697934934833,24.1297836015782,20.1439227905323));
#4280=CARTESIAN_POINT('',(106.996325544179,20.3877044587853,18.5780544622553));
#4281=CARTESIAN_POINT('',(106.797467024036,24.13,19.6215));
#4282=CARTESIAN_POINT('',(106.996736860704,11.3631611349019,18.5752543756154));
#4283=CARTESIAN_POINT('',(106.697934934833,7.61978360157821,20.1439227905323));
#4284=CARTESIAN_POINT('',(106.996325544179,3.87770445878527,18.5780544622553));
#4285=CARTESIAN_POINT('',(107.589010941562,2.34786422287768,14.8674134592926));
#4286=CARTESIAN_POINT('',(108.024524554869,3.87585534816832,11.1371837215027));
#4287=CARTESIAN_POINT('',(108.159702484951,7.62043010564805,9.57507385091035));
#4288=CARTESIAN_POINT('',(108.024159367114,11.371281437737,11.1415222475619));
#4289=CARTESIAN_POINT('',(107.587538166904,12.890115931326,14.8776004195222));
#4290=CARTESIAN_POINT('',(106.996736860704,11.3631611349019,18.5752543756154));
#4291=CARTESIAN_POINT('',(106.697934934833,7.61978360157821,20.1439227905323));
#4292=CARTESIAN_POINT('',(106.996325544179,3.87770445878527,18.5780544622553));
#4293=CARTESIAN_POINT('',(106.797467024036,7.62,19.6215));
#4294=CARTESIAN_POINT('',(109.092113272445,24.13,14.859));
#4295=CARTESIAN_POINT('',(109.092113272445,24.13,14.859));
#4296=CARTESIAN_POINT('',(109.092113272445,26.9875,14.859));
#4297=CARTESIAN_POINT('',(109.092113272445,24.13,14.859));
#4298=CARTESIAN_POINT('',(109.092113272445,28.8925,14.859));
#4299=CARTESIAN_POINT('',(109.092113272445,7.62,14.859));
#4300=CARTESIAN_POINT('',(109.092113272445,7.62,14.859));
#4301=CARTESIAN_POINT('',(109.092113272445,10.4775,14.859));
#4302=CARTESIAN_POINT('',(109.092113272445,7.62,14.859));
#4303=CARTESIAN_POINT('',(109.092113272445,12.3825,14.859));
#4304=CARTESIAN_POINT('',(112.394113272445,24.13,14.859));
#4305=CARTESIAN_POINT('',(117.512866900152,21.8828374685746,17.0894911208463));
#4306=CARTESIAN_POINT('',(117.367491652226,24.1304472356081,18.0298207498061));
#4307=CARTESIAN_POINT('',(117.512747384822,26.3753735889932,17.0902258799293));
#4308=CARTESIAN_POINT('',(117.819583777058,27.2927366103082,14.8652514523399));
#4309=CARTESIAN_POINT('',(118.075679147141,26.378661839648,12.6277018561641));
#4310=CARTESIAN_POINT('',(118.16749829731,24.1305188029479,11.6892511530243));
#4311=CARTESIAN_POINT('',(118.07602925673,21.885618414858,12.6242947096901));
#4312=CARTESIAN_POINT('',(117.820098764393,20.9666362028287,14.861273759842));
#4313=CARTESIAN_POINT('',(117.512866900152,21.8828374685746,17.0894911208463));
#4314=CARTESIAN_POINT('',(117.367491652226,24.1304472356081,18.0298207498061));
#4315=CARTESIAN_POINT('',(117.512747384822,26.3753735889932,17.0902258799293));
#4316=CARTESIAN_POINT('',(117.415930148979,24.13,17.7165));
#4317=CARTESIAN_POINT('',(112.394113272445,7.62,14.859));
#4318=CARTESIAN_POINT('',(117.512866900152,5.37283746857457,17.0894911208463));
#4319=CARTESIAN_POINT('',(117.367491652226,7.62044723560807,18.0298207498061));
#4320=CARTESIAN_POINT('',(117.512747384822,9.86537358899315,17.0902258799293));
#4321=CARTESIAN_POINT('',(117.819583777058,10.7827366103082,14.8652514523399));
#4322=CARTESIAN_POINT('',(118.075679147141,9.86866183964803,12.6277018561641));
#4323=CARTESIAN_POINT('',(118.16749829731,7.62051880294792,11.6892511530243));
#4324=CARTESIAN_POINT('',(118.07602925673,5.37561841485797,12.6242947096901));
#4325=CARTESIAN_POINT('',(117.820098764393,4.45663620282874,14.861273759842));
#4326=CARTESIAN_POINT('',(117.512866900152,5.37283746857457,17.0894911208463));
#4327=CARTESIAN_POINT('',(117.367491652226,7.62044723560807,18.0298207498061));
#4328=CARTESIAN_POINT('',(117.512747384822,9.86537358899315,17.0902258799293));
#4329=CARTESIAN_POINT('',(117.415930148979,7.62,17.7165));
#4330=CARTESIAN_POINT('',(62.0667820778203,15.875,-0.0610693153456765));
#4331=CARTESIAN_POINT('',(62.0667820778203,21.59,-0.0610693153456721));
#4332=CARTESIAN_POINT('',(109.254982932307,21.59,-0.0610693153456721));
#4333=CARTESIAN_POINT('',(118.074984207235,21.59,-0.0610693153456721));
#4334=CARTESIAN_POINT('',(118.074984207235,21.59,-0.0610693153456721));
#4335=CARTESIAN_POINT('',(118.075420610808,21.59,0.694159369008568));
#4336=CARTESIAN_POINT('',(118.057713925322,21.2910576311297,2.18093127175475));
#4337=CARTESIAN_POINT('',(117.968068769679,19.6002996709738,4.72485552814607));
#4338=CARTESIAN_POINT('',(117.863324920824,15.8825423471288,6.27353422681255));
#4339=CARTESIAN_POINT('',(117.990851075661,11.3994957580416,4.41431934846012));
#4340=CARTESIAN_POINT('',(118.075857013634,10.16,1.44938675912607));
#4341=CARTESIAN_POINT('',(118.074984207235,10.16,-0.0610693153456763));
#4342=CARTESIAN_POINT('',(118.074984207235,10.16,-0.0610693153456765));
#4343=CARTESIAN_POINT('',(62.0667820778203,10.16,-0.0610693153456765));
#4344=CARTESIAN_POINT('',(109.254982932307,10.16,-0.0610693153456765));
#4345=CARTESIAN_POINT('',(109.254982932307,10.16,-0.0610693153456765));
#4346=CARTESIAN_POINT('',(109.255926236214,10.16,1.44944612428089));
#4347=CARTESIAN_POINT('',(109.164058829892,11.3994762979169,4.41427149700519));
#4348=CARTESIAN_POINT('',(109.0262029231,15.8825579344432,6.27356021153809));
#4349=CARTESIAN_POINT('',(109.139431917217,19.600315148861,4.7248130860084));
#4350=CARTESIAN_POINT('',(109.236316668408,21.2910214484453,2.18100767547346));
#4351=CARTESIAN_POINT('',(109.255454584721,21.59,0.694189141502372));
#4352=CARTESIAN_POINT('',(109.254982932307,21.59,-0.0610693153456718));
#4353=CARTESIAN_POINT('',(1.74178207782036,21.59,-56.5426772200092));
#4354=CARTESIAN_POINT('',(98.6064370363314,21.59,-60.45));
#4355=CARTESIAN_POINT('',(91.0079805566523,21.59,-60.45));
#4356=CARTESIAN_POINT('',(101.427329280623,21.59,-60.45));
#4357=CARTESIAN_POINT('',(0.,21.59,0.));
#4358=CARTESIAN_POINT('',(0.,21.59,0.));
#4359=CARTESIAN_POINT('',(1.74178207782036,10.16,-56.5426772200092));
#4360=CARTESIAN_POINT('',(0.,10.16,0.));
#4361=CARTESIAN_POINT('',(101.427329280623,10.16,-60.45));
#4362=CARTESIAN_POINT('',(86.1020128974927,10.16,-60.45));
#4363=CARTESIAN_POINT('',(91.0079805566523,10.16,-60.45));
#4364=CARTESIAN_POINT('',(0.,10.16,0.));
#4365=CARTESIAN_POINT('',(106.933113272445,24.13,14.859));
#4366=CARTESIAN_POINT('',(106.933113272445,7.62,14.859));
#4367=CARTESIAN_POINT('',(105.393216296246,0.,26.1337365053798));
#4368=CARTESIAN_POINT('',(115.296590358018,0.,26.1337365053798));
#4369=CARTESIAN_POINT('',(115.296590358018,0.67,26.1337365053798));
#4370=CARTESIAN_POINT('',(115.296590358018,31.08,26.1337365053798));
#4371=CARTESIAN_POINT('',(105.393216296246,31.08,26.1337365053798));
#4372=CARTESIAN_POINT('',(106.246191217307,31.08,26.1337365053798));
#4373=CARTESIAN_POINT('',(106.246191217307,0.,26.1337365053798));
#4374=CARTESIAN_POINT('',(106.246191217307,0.67,26.1337365053798));
#4375=CARTESIAN_POINT('',(115.833513463364,0.67,26.1337365053798));
#4376=CARTESIAN_POINT('',(-85.7061572002185,31.75,-74.6604771145446));
#4377=CARTESIAN_POINT('',(-85.7061572002185,31.75,-70.63));
#4378=CARTESIAN_POINT('',(-54.29,31.75,-70.63));
#4379=CARTESIAN_POINT('',(54.29,31.75,-70.63));
#4380=CARTESIAN_POINT('',(-54.29,31.75,-74.6604771145446));
#4381=CARTESIAN_POINT('',(-54.29,31.75,-72.13));
#4382=CARTESIAN_POINT('',(-85.7061572002185,31.75,-72.13));
#4383=CARTESIAN_POINT('',(54.29,31.75,-72.13));
#4384=CARTESIAN_POINT('',(54.29,31.75,-74.6604771145446));
#4385=CARTESIAN_POINT('',(-85.7061572002185,31.75,25.4637365053798));
#4386=CARTESIAN_POINT('',(115.296590358018,31.75,25.4637365053798));
#4387=CARTESIAN_POINT('',(0.,31.75,0.));
#4388=CARTESIAN_POINT('',(90.4231205223531,31.75,-75.93));
#4389=CARTESIAN_POINT('',(-85.7061572002185,31.75,-75.93));
#4390=CARTESIAN_POINT('',(-90.4231205223531,31.75,-75.93));
#4391=CARTESIAN_POINT('',(0.,31.75,0.));
#4392=CARTESIAN_POINT('',(0.,31.75,0.));
#4393=CARTESIAN_POINT('',(-86.836285876619,31.75,-66.3032011305194));
#4394=CARTESIAN_POINT('',(-85.7712488249996,31.75,-65.49));
#4395=CARTESIAN_POINT('',(0.,0.,-46.30563174731));
#4396=CARTESIAN_POINT('',(-54.29,0.,-70.63));
#4397=CARTESIAN_POINT('',(-54.29,0.,-70.63));
#4398=CARTESIAN_POINT('',(-54.29,0.,-72.13));
#4399=CARTESIAN_POINT('',(0.,0.,-70.63));
#4400=CARTESIAN_POINT('',(54.29,0.,-70.63));
#4401=CARTESIAN_POINT('',(54.29,0.,-72.13));
#4402=CARTESIAN_POINT('',(54.29,0.,-72.13));
#4403=CARTESIAN_POINT('',(0.,0.,-72.13));
#4404=CARTESIAN_POINT('',(-85.7712488249996,0.,-65.49));
#4405=CARTESIAN_POINT('',(-86.836285876619,0.,-66.3032011305194));
#4406=CARTESIAN_POINT('',(0.,0.,0.));
#4407=CARTESIAN_POINT('',(0.,0.,0.));
#4408=CARTESIAN_POINT('',(-90.4231205223531,0.,-75.93));
#4409=CARTESIAN_POINT('',(89.8562497826389,0.,-75.93));
#4410=CARTESIAN_POINT('',(90.4231205223531,0.,-75.93));
#4411=CARTESIAN_POINT('',(0.,0.,0.));
#4412=CARTESIAN_POINT('',(115.296590358018,0.,25.4637365053798));
#4413=CARTESIAN_POINT('',(105.393216296246,0.,25.4637365053798));
#4414=CARTESIAN_POINT('',(0.,0.,0.));
#4415=CARTESIAN_POINT('',(97.8943109441195,0.,-67.2092174465382));
#4416=CARTESIAN_POINT('',(97.8943109441194,15.88,-67.2092174465382));
#4417=CARTESIAN_POINT('',(97.8943109441194,15.87,-67.2092174465382));
#4418=CARTESIAN_POINT('',(97.8943109441194,15.87,-67.2092174465382));
#4419=CARTESIAN_POINT('',(97.8943109441194,14.9399543856658,-67.2092174465382));
#4420=CARTESIAN_POINT('',(98.1827813118715,13.1243439666589,-66.7915005903385));
#4421=CARTESIAN_POINT('',(99.2399914871892,11.0307864419663,-65.2188932666861));
#4422=CARTESIAN_POINT('',(100.586135514081,9.77543555974145,-63.1277563087157));
#4423=CARTESIAN_POINT('',(101.529431335823,9.49000000000001,-61.58737487555));
#4424=CARTESIAN_POINT('',(102.002864411837,9.49,-60.7930150328181));
#4425=CARTESIAN_POINT('',(102.002864411837,9.49000000000001,-60.7930150328181));
#4426=CARTESIAN_POINT('',(0.,9.49000000000001,0.));
#4427=CARTESIAN_POINT('',(118.744984117621,9.49000000000001,-0.0614158445964205));
#4428=CARTESIAN_POINT('',(118.744984117621,9.49000000000001,-0.0614158445964205));
#4429=CARTESIAN_POINT('',(118.745859292576,9.49000000000001,1.63069857313934));
#4430=CARTESIAN_POINT('',(118.684106940914,10.524186197552,4.11501958263744));
#4431=CARTESIAN_POINT('',(118.593043400229,13.367272023306,6.02579359393437));
#4432=CARTESIAN_POINT('',(118.565243085789,15.8794253084351,6.5278102351969));
#4433=CARTESIAN_POINT('',(118.593382685971,18.3912889040994,6.02184605814567));
#4434=CARTESIAN_POINT('',(118.660854530748,20.5140903359844,4.59091036236812));
#4435=CARTESIAN_POINT('',(118.727577750529,21.9288279088773,2.451512369327));
#4436=CARTESIAN_POINT('',(118.745421704656,22.26,0.784640509110308));
#4437=CARTESIAN_POINT('',(118.744984117621,22.26,-0.0614158445964157));
#4438=CARTESIAN_POINT('',(118.744984117621,22.26,-0.0614158445964157));
#4439=CARTESIAN_POINT('',(0.,22.26,0.));
#4440=CARTESIAN_POINT('',(102.002864411837,22.26,-60.7930150328181));
#4441=CARTESIAN_POINT('',(102.002864411837,22.26,-60.7930150328181));
#4442=CARTESIAN_POINT('',(101.530346484801,22.26,-61.5858393732062));
#4443=CARTESIAN_POINT('',(100.583145572021,21.9745845888922,-63.1327282418919));
#4444=CARTESIAN_POINT('',(99.2322356914994,20.7088844121319,-65.2306570092947));
#4445=CARTESIAN_POINT('',(98.1809598659123,18.6169873764355,-66.7940945603925));
#4446=CARTESIAN_POINT('',(97.8943109441195,16.8067175248936,-67.2092174465382));
#4447=CARTESIAN_POINT('',(97.8943109441195,15.88,-67.2092174465382));
#4448=CARTESIAN_POINT('',(0.,0.67,0.));
#4449=CARTESIAN_POINT('',(115.950824662823,0.67,25.608226900964));
#4450=CARTESIAN_POINT('',(90.9362138168691,0.67,-76.3608541181453));
#4451=CARTESIAN_POINT('',(90.9362138168691,0.,-76.3608541181453));
#4452=CARTESIAN_POINT('',(90.9362138168691,31.08,-76.3608541181453));
#4453=CARTESIAN_POINT('',(0.,31.08,0.));
#4454=CARTESIAN_POINT('',(115.950824662823,31.08,25.608226900964));
#4455=CARTESIAN_POINT('',(115.950824662823,0.,25.608226900964));
#4456=CARTESIAN_POINT('',(-98.6064370363314,15.87,-60.45));
#4457=CARTESIAN_POINT('',(101.427329280623,10.16,-60.45));
#4458=CARTESIAN_POINT('',(100.961163440028,10.16,-61.1500266288591));
#4459=CARTESIAN_POINT('',(100.032561428895,10.4104510346738,-62.5075494612992));
#4460=CARTESIAN_POINT('',(98.7023106721913,11.5139981074515,-64.3584565518877));
#4461=CARTESIAN_POINT('',(97.6399816574076,13.3753847676224,-65.7737497429106));
#4462=CARTESIAN_POINT('',(97.3419576801289,15.0233255664655,-66.16));
#4463=CARTESIAN_POINT('',(97.3419576801289,15.87,-66.16));
#4464=CARTESIAN_POINT('',(86.4315111808188,15.87,-66.16));
#4465=CARTESIAN_POINT('',(86.4315111808188,15.0028955495602,-66.16));
#4466=CARTESIAN_POINT('',(86.7871782776738,13.3181692297401,-65.7508573916575));
#4467=CARTESIAN_POINT('',(87.9972894049744,11.4800637957038,-64.3149734725278));
#4468=CARTESIAN_POINT('',(89.4701476119903,10.4049898528723,-62.4836748387126));
#4469=CARTESIAN_POINT('',(90.4951808080704,10.16,-61.1409496568872));
#4470=CARTESIAN_POINT('',(91.0079805566523,10.16,-60.45));
#4471=CARTESIAN_POINT('',(-98.6064370363314,15.88,-60.45));
#4472=CARTESIAN_POINT('',(97.3419576801289,15.88,-66.16));
#4473=CARTESIAN_POINT('',(97.3419576801289,16.7235768687221,-66.16));
#4474=CARTESIAN_POINT('',(97.6377802119138,18.3660147394355,-65.7765741751927));
#4475=CARTESIAN_POINT('',(98.6948952869205,20.2274102315917,-64.3685377877417));
#4476=CARTESIAN_POINT('',(100.029764993245,21.3395288289838,-62.5117122426483));
#4477=CARTESIAN_POINT('',(100.961988835031,21.59,-61.1487871590582));
#4478=CARTESIAN_POINT('',(101.427329280623,21.59,-60.45));
#4479=CARTESIAN_POINT('',(91.0079805566523,21.59,-60.45));
#4480=CARTESIAN_POINT('',(90.4956135504238,21.59,-61.1403665770759));
#4481=CARTESIAN_POINT('',(89.4715152108018,21.345767544874,-62.4819077102667));
#4482=CARTESIAN_POINT('',(87.9995219757301,20.2709536990214,-64.312236629099));
#4483=CARTESIAN_POINT('',(86.7903743103135,18.4416416757371,-65.7471363196354));
#4484=CARTESIAN_POINT('',(86.4315111808188,16.7457667087596,-66.16));
#4485=CARTESIAN_POINT('',(86.4315111808188,15.88,-66.16));
#4486=CARTESIAN_POINT('',(-98.6064370363314,15.88,-60.45));
#4487=CARTESIAN_POINT('',(-101.427329280623,21.59,-60.45));
#4488=CARTESIAN_POINT('',(-100.961163440028,21.59,-61.1500266288591));
#4489=CARTESIAN_POINT('',(-100.032561428895,21.3395489653262,-62.5075494612993));
#4490=CARTESIAN_POINT('',(-98.7023106721913,20.2360018925485,-64.3584565518877));
#4491=CARTESIAN_POINT('',(-97.6399816574076,18.3746152323776,-65.7737497429107));
#4492=CARTESIAN_POINT('',(-97.3419576801289,16.7266744335345,-66.16));
#4493=CARTESIAN_POINT('',(-97.3419576801289,15.88,-66.16));
#4494=CARTESIAN_POINT('',(-86.4315111808188,15.88,-66.16));
#4495=CARTESIAN_POINT('',(-86.4315111808188,16.7471044504397,-66.16));
#4496=CARTESIAN_POINT('',(-86.7871782776739,18.4318307702599,-65.7508573916576));
#4497=CARTESIAN_POINT('',(-87.9972894049744,20.2699362042962,-64.3149734725278));
#4498=CARTESIAN_POINT('',(-89.4701476119904,21.3450101471277,-62.4836748387126));
#4499=CARTESIAN_POINT('',(-90.4951808080704,21.59,-61.1409496568872));
#4500=CARTESIAN_POINT('',(-91.0079805566523,21.59,-60.45));
#4501=CARTESIAN_POINT('',(-98.6064370363314,15.87,-60.45));
#4502=CARTESIAN_POINT('',(-97.3419576801289,15.87,-66.16));
#4503=CARTESIAN_POINT('',(-97.3419576801289,15.0264231312779,-66.16));
#4504=CARTESIAN_POINT('',(-97.6377802119138,13.3839852605645,-65.7765741751927));
#4505=CARTESIAN_POINT('',(-98.6948952869205,11.5225897684083,-64.3685377877416));
#4506=CARTESIAN_POINT('',(-100.029764993245,10.4104711710162,-62.5117122426483));
#4507=CARTESIAN_POINT('',(-100.961988835031,10.16,-61.1487871590582));
#4508=CARTESIAN_POINT('',(-101.427329280623,10.16,-60.45));
#4509=CARTESIAN_POINT('',(-91.0079805566523,10.16,-60.45));
#4510=CARTESIAN_POINT('',(-90.4956135504238,10.16,-61.1403665770759));
#4511=CARTESIAN_POINT('',(-89.4715152108018,10.404232455126,-62.4819077102667));
#4512=CARTESIAN_POINT('',(-87.9995219757301,11.4790463009786,-64.312236629099));
#4513=CARTESIAN_POINT('',(-86.7903743103135,13.3083583242629,-65.7471363196354));
#4514=CARTESIAN_POINT('',(-86.4315111808188,15.0042332912404,-66.16));
#4515=CARTESIAN_POINT('',(-86.4315111808188,15.87,-66.16));
#4516=CARTESIAN_POINT('',(91.0079805566523,10.16,-60.45));
#4517=CARTESIAN_POINT('',(90.4498793532936,10.16,-60.0792938538282));
#4518=CARTESIAN_POINT('',(90.4498793532936,9.49,-60.0792938538282));
#4519=CARTESIAN_POINT('',(90.4846187939758,10.16,-61.1551809818829));
#4520=CARTESIAN_POINT('',(89.9837871717747,10.1157305441935,-60.7809995315416));
#4521=CARTESIAN_POINT('',(89.9297270766455,9.49000000262705,-60.8623874564698));
#4522=CARTESIAN_POINT('',(89.4379192358681,10.4152750927078,-62.525430370101));
#4523=CARTESIAN_POINT('',(89.0297743875111,10.2769162665124,-62.182269354057));
#4524=CARTESIAN_POINT('',(88.8894463431386,9.7752285612097,-62.3840302081267));
#4525=CARTESIAN_POINT('',(87.9442414190331,11.5319362590394,-64.3794716454519));
#4526=CARTESIAN_POINT('',(87.5929344099536,11.3426142820923,-64.1871138275674));
#4527=CARTESIAN_POINT('',(87.404928419643,11.0229165209388,-64.4429170742524));
#4528=CARTESIAN_POINT('',(86.747818663165,13.4124277466224,-65.7964757426643));
#4529=CARTESIAN_POINT('',(86.4194636052286,13.2721079716184,-65.7503839245998));
#4530=CARTESIAN_POINT('',(86.2158426574286,13.1240611248449,-66.0164802744558));
#4531=CARTESIAN_POINT('',(86.4241445765375,15.0903806169369,-66.1685268195718));
#4532=CARTESIAN_POINT('',(86.0955089626893,15.0559477998342,-66.16928316605));
#4533=CARTESIAN_POINT('',(85.8941534835693,14.9989016350556,-66.4296377864656));
#4534=CARTESIAN_POINT('',(86.4317847041657,15.930128890244,-66.1596833989774));
#4535=CARTESIAN_POINT('',(86.1029058629851,15.9328065452094,-66.1596552004924));
#4536=CARTESIAN_POINT('',(85.9017467585175,15.937184294178,-66.4198172899891));
#4537=CARTESIAN_POINT('',(86.3037673508093,13.3314105243883,-65.8966005652597));
#4538=CARTESIAN_POINT('',(86.1827458401766,14.1697997083912,-66.0551005820813));
#4539=CARTESIAN_POINT('',(86.2427549812023,15.0369079125167,-66.1599999999988));
#4540=CARTESIAN_POINT('',(86.4315111808206,15.8700000000002,-66.16));
#4541=CARTESIAN_POINT('',(91.0079805566523,9.49,-60.45));
#4542=CARTESIAN_POINT('',(0.,9.49,0.));
#4543=CARTESIAN_POINT('',(109.254982932307,9.49,-0.0610693153456765));
#4544=CARTESIAN_POINT('',(109.254982932307,21.59,-0.0610693153456721));
#4545=CARTESIAN_POINT('',(108.584983036974,21.59,-0.0606948112837839));
#4546=CARTESIAN_POINT('',(108.584983036974,22.26,-0.0606948112837834));
#4547=CARTESIAN_POINT('',(109.255454557573,21.59,0.694145958654356));
#4548=CARTESIAN_POINT('',(108.585402296288,21.5899505058076,0.689373922825946));
#4549=CARTESIAN_POINT('',(108.585451770204,22.259999996474,0.777884118424723));
#4550=CARTESIAN_POINT('',(109.236149069545,21.2916795773678,2.18172448099647));
#4551=CARTESIAN_POINT('',(108.570520580103,21.2984069306992,2.16065670625023));
#4552=CARTESIAN_POINT('',(108.566264671708,21.9267058811634,2.42966745500382));
#4553=CARTESIAN_POINT('',(109.164249487663,20.0208539519941,4.08601797658628));
#4554=CARTESIAN_POINT('',(108.513948503441,20.0426906443755,4.06417526360808));
#4555=CARTESIAN_POINT('',(108.49480600998,20.5068945723475,4.54416441548592));
#4556=CARTESIAN_POINT('',(109.091922535233,18.1211084548258,5.354966924379));
#4557=CARTESIAN_POINT('',(108.455904709851,18.1415173078527,5.34853168392985));
#4558=CARTESIAN_POINT('',(108.422922598395,18.3844317558657,5.95318497840272));
#4559=CARTESIAN_POINT('',(109.061866960323,15.8789546611289,5.80254295950769));
#4560=CARTESIAN_POINT('',(108.431474572529,15.8790740452825,5.80497455086348));
#4561=CARTESIAN_POINT('',(108.393051337574,15.8794182871363,6.45016623053431));
#4562=CARTESIAN_POINT('',(109.091557860862,13.6366262664121,5.35843725626123));
#4563=CARTESIAN_POINT('',(108.455614867468,13.6160123239993,5.35246424425375));
#4564=CARTESIAN_POINT('',(108.422560160379,13.374209748316,5.95703837927491));
#4565=CARTESIAN_POINT('',(109.189169807493,11.092235018378,3.664362821518));
#4566=CARTESIAN_POINT('',(108.53423638066,11.0611942692952,3.62840876006331));
#4567=CARTESIAN_POINT('',(108.519573507332,10.5315259124163,4.07596529290933));
#4568=CARTESIAN_POINT('',(109.255926182336,10.16,1.44936005339099));
#4569=CARTESIAN_POINT('',(108.585821586094,10.1600989877486,1.43949689323388));
#4570=CARTESIAN_POINT('',(108.585920502703,9.49000000221601,1.61646173869816));
#4571=CARTESIAN_POINT('',(109.254982932307,10.16,-0.0610693153456761));
#4572=CARTESIAN_POINT('',(108.584983036974,10.16,-0.0606948112837878));
#4573=CARTESIAN_POINT('',(108.584983036974,9.49,-0.0606948112837878));
#4574=CARTESIAN_POINT('',(109.254982932307,22.26,-0.0610693153456717));
#4575=CARTESIAN_POINT('',(0.,22.26,0.));
#4576=CARTESIAN_POINT('',(91.0079805566523,22.26,-60.45));
#4577=CARTESIAN_POINT('',(90.4498793532935,22.26,-60.0792938538282));
#4578=CARTESIAN_POINT('',(90.4498793532935,21.59,-60.0792938538282));
#4579=CARTESIAN_POINT('',(91.0079805566523,21.59,-60.45));
#4580=CARTESIAN_POINT('',(89.9297270766404,22.2599999973729,-60.8623874564775));
#4581=CARTESIAN_POINT('',(89.9837871718138,21.6342694558235,-60.7809995315627));
#4582=CARTESIAN_POINT('',(90.4846187939889,21.59,-61.1551809819026));
#4583=CARTESIAN_POINT('',(88.8894463431407,21.9747714387905,-62.3840302081235));
#4584=CARTESIAN_POINT('',(89.0297743874881,21.4730837334799,-62.1822693540572));
#4585=CARTESIAN_POINT('',(89.4379192358613,21.3347249072924,-62.5254303700919));
#4586=CARTESIAN_POINT('',(87.4049284196433,20.7270834790606,-64.4429170742523));
#4587=CARTESIAN_POINT('',(87.5929344099589,20.4073857179094,-64.1871138275669));
#4588=CARTESIAN_POINT('',(87.9442414190372,20.21806374096,-64.3794716454543));
#4589=CARTESIAN_POINT('',(86.2158426574254,18.6259388751574,-66.0164802744599));
#4590=CARTESIAN_POINT('',(86.4194636052365,18.4778920283855,-65.7503839245907));
#4591=CARTESIAN_POINT('',(86.7478186631555,18.3375722533799,-65.7964757426637));
#4592=CARTESIAN_POINT('',(85.8941534835766,16.7510983649395,-66.4296377864562));
#4593=CARTESIAN_POINT('',(86.0955089626671,16.694052200158,-66.1692831660724));
#4594=CARTESIAN_POINT('',(86.424144576557,16.6596193830582,-66.1685268195718));
#4595=CARTESIAN_POINT('',(85.9017467585175,15.812815705822,-66.4198172899891));
#4596=CARTESIAN_POINT('',(86.1029058629852,15.8171934547906,-66.1596552004924));
#4597=CARTESIAN_POINT('',(86.4317847041657,15.8198711097561,-66.1596833989774));
#4598=CARTESIAN_POINT('',(86.3037673508093,18.4185894756117,-65.8966005652597));
#4599=CARTESIAN_POINT('',(86.1827408530594,17.5801657428318,-66.0551071136323));
#4600=CARTESIAN_POINT('',(86.2427640534254,16.7130520461263,-66.1600000000013));
#4601=CARTESIAN_POINT('',(86.4315111808206,15.8799999999998,-66.16));
#4602=CARTESIAN_POINT('',(115.296590358018,0.,25.4637365053798));
#4603=CARTESIAN_POINT('',(115.296590358018,0.67,25.4637365053798));
#4604=CARTESIAN_POINT('',(115.296590358018,31.08,25.4637365053798));
#4605=CARTESIAN_POINT('',(106.246191217307,0.,25.4637365053798));
#4606=CARTESIAN_POINT('',(106.246191217307,31.08,25.4637365053798));
#4607=CARTESIAN_POINT('',(106.246191217307,0.67,25.4637365053798));
#4608=CARTESIAN_POINT('',(105.393216296246,0.67,25.4637365053798));
#4609=CARTESIAN_POINT('',(115.296590358018,0.67,25.4637365053798));
#4610=CARTESIAN_POINT('',(106.246191217307,0.67,25.4637365053798));
#4611=CARTESIAN_POINT('',(106.246191217307,0.67,25.4637365053798));
#4612=CARTESIAN_POINT('',(0.,31.08,0.));
#4613=CARTESIAN_POINT('',(90.4231205223531,31.08,-75.93));
#4614=CARTESIAN_POINT('',(115.296590358018,31.08,25.4637365053798));
#4615=CARTESIAN_POINT('',(115.296590358018,31.08,25.4637365053798));
#4616=CARTESIAN_POINT('',(115.296590358018,31.08,25.4637365053798));
#4617=CARTESIAN_POINT('',(105.393216296246,31.08,25.4637365053798));
#4618=CARTESIAN_POINT('',(106.246191217307,31.08,25.4637365053798));
#4619=CARTESIAN_POINT('',(106.246191217307,31.08,25.4637365053798));
#4620=CARTESIAN_POINT('',(-90.4498793532935,9.49,-60.0792938538282));
#4621=CARTESIAN_POINT('',(-90.4498793532935,10.16,-60.0792938538282));
#4622=CARTESIAN_POINT('',(-91.0079805566523,10.16,-60.45));
#4623=CARTESIAN_POINT('',(-89.9297270766341,9.49000000262705,-60.8623874564869));
#4624=CARTESIAN_POINT('',(-89.9837871718269,10.115730544175,-60.780999531563));
#4625=CARTESIAN_POINT('',(-90.4846187939826,10.16,-61.1551809819112));
#4626=CARTESIAN_POINT('',(-88.889446343121,9.77522856121652,-62.3840302081519));
#4627=CARTESIAN_POINT('',(-89.029774387463,10.2769162665232,-62.1822693540839));
#4628=CARTESIAN_POINT('',(-89.4379192358422,10.4152750927138,-62.5254303701171));
#4629=CARTESIAN_POINT('',(-87.4049284196103,11.022916520976,-64.4429170742973));
#4630=CARTESIAN_POINT('',(-87.592934409933,11.3426142821263,-64.1871138276082));
#4631=CARTESIAN_POINT('',(-87.9442414190015,11.5319362590731,-64.3794716454963));
#4632=CARTESIAN_POINT('',(-86.215842657384,13.1240611249305,-66.0164802745137));
#4633=CARTESIAN_POINT('',(-86.4194636051758,13.2721079716878,-65.7503839246577));
#4634=CARTESIAN_POINT('',(-86.7478186631233,13.412427746698,-65.7964757427068));
#4635=CARTESIAN_POINT('',(-85.8941534835721,14.9989016351902,-66.429637786462));
#4636=CARTESIAN_POINT('',(-86.0955089627069,15.0559477999689,-66.1692831660456));
#4637=CARTESIAN_POINT('',(-86.4241445765321,15.0903806170598,-66.1685268195885));
#4638=CARTESIAN_POINT('',(-85.9017467585186,15.9371842943142,-66.4198172899876));
#4639=CARTESIAN_POINT('',(-86.1029058629862,15.9328065453367,-66.159655200491));
#4640=CARTESIAN_POINT('',(-86.4317847041668,15.9301288903659,-66.1596833989761));
#4641=CARTESIAN_POINT('',(-86.3037673508093,13.3314105243883,-65.8966005652597));
#4642=CARTESIAN_POINT('',(-86.1823915104397,14.1722543647372,-66.0555646423049));
#4643=CARTESIAN_POINT('',(-86.2406815566841,15.027756666346,-66.1600000000196));
#4644=CARTESIAN_POINT('',(-86.4315111808188,15.8700000001207,-66.16));
#4645=CARTESIAN_POINT('',(-91.0079805566523,9.49,-60.45));
#4646=CARTESIAN_POINT('',(0.,9.49,0.));
#4647=CARTESIAN_POINT('',(-109.254982932307,9.49,-0.0610693153456765));
#4648=CARTESIAN_POINT('',(-108.584983036974,22.26,-0.0606948112837834));
#4649=CARTESIAN_POINT('',(-108.584983036974,21.59,-0.0606948112837839));
#4650=CARTESIAN_POINT('',(-109.254982932307,21.59,-0.0610693153456721));
#4651=CARTESIAN_POINT('',(-108.585451868951,22.2599999964733,0.778060779151996));
#4652=CARTESIAN_POINT('',(-108.585402384586,21.5899504953972,0.689531943222154));
#4653=CARTESIAN_POINT('',(-109.255454656911,21.59,0.694305057428291));
#4654=CARTESIAN_POINT('',(-108.566425562566,21.9258861686314,2.42923206788255));
#4655=CARTESIAN_POINT('',(-108.570652954104,21.2966937386548,2.16006262786211));
#4656=CARTESIAN_POINT('',(-109.236310953151,21.2909458801347,2.18133237598114));
#4657=CARTESIAN_POINT('',(-108.470097012969,20.036102309383,5.25470527800195));
#4658=CARTESIAN_POINT('',(-108.494661244502,19.6375409432444,4.69503014998721));
#4659=CARTESIAN_POINT('',(-109.139388029157,19.5994635400402,4.72592352770685));
#4660=CARTESIAN_POINT('',(-108.357574618049,15.8812721041591,6.97136273010558));
#4661=CARTESIAN_POINT('',(-108.402944472043,15.8790243263134,6.28320317243738));
#4662=CARTESIAN_POINT('',(-109.026171339496,15.8806139507156,6.27192698918792));
#4663=CARTESIAN_POINT('',(-108.494787764903,10.871524229171,4.91407012614043));
#4664=CARTESIAN_POINT('',(-108.515133276101,11.3399493830191,4.36800986848264));
#4665=CARTESIAN_POINT('',(-109.164231129951,11.3965561415008,4.41915112926784));
#4666=CARTESIAN_POINT('',(-108.585909136503,9.48999999746239,1.59612723911046));
#4667=CARTESIAN_POINT('',(-108.585811418706,10.1600977833212,1.42130665713934));
#4668=CARTESIAN_POINT('',(-109.255914746294,10.16,1.43104701912089));
#4669=CARTESIAN_POINT('',(-108.584983036974,9.49,-0.0606948112837784));
#4670=CARTESIAN_POINT('',(-108.584983036974,10.16,-0.0606948112837794));
#4671=CARTESIAN_POINT('',(-109.254982932307,10.16,-0.0610693153456676));
#4672=CARTESIAN_POINT('',(-109.254982932307,22.26,-0.0610693153456717));
#4673=CARTESIAN_POINT('',(0.,22.26,0.));
#4674=CARTESIAN_POINT('',(-91.0079805566523,22.26,-60.45));
#4675=CARTESIAN_POINT('',(-91.0079805566523,21.59,-60.45));
#4676=CARTESIAN_POINT('',(-90.4498793532936,21.59,-60.0792938538282));
#4677=CARTESIAN_POINT('',(-90.4498793532936,22.26,-60.0792938538282));
#4678=CARTESIAN_POINT('',(-90.4846187939758,21.59,-61.1551809818829));
#4679=CARTESIAN_POINT('',(-89.9837871717921,21.634269455808,-60.7809995315495));
#4680=CARTESIAN_POINT('',(-89.9297270766455,22.2599999973729,-60.8623874564698));
#4681=CARTESIAN_POINT('',(-89.437919235868,21.3347249072922,-62.525430370101));
#4682=CARTESIAN_POINT('',(-89.0297743875016,21.4730837334866,-62.1822693540564));
#4683=CARTESIAN_POINT('',(-88.8894463431386,21.9747714387903,-62.3840302081267));
#4684=CARTESIAN_POINT('',(-87.9442414190331,20.2180637409606,-64.3794716454519));
#4685=CARTESIAN_POINT('',(-87.5929344099567,20.4073857179085,-64.1871138275665));
#4686=CARTESIAN_POINT('',(-87.404928419643,20.7270834790612,-64.4429170742524));
#4687=CARTESIAN_POINT('',(-86.747818663165,18.3375722533776,-65.7964757426643));
#4688=CARTESIAN_POINT('',(-86.4194636052277,18.4778920283808,-65.7503839246003));
#4689=CARTESIAN_POINT('',(-86.2158426574286,18.6259388751551,-66.0164802744558));
#4690=CARTESIAN_POINT('',(-86.4241445765375,16.6596193830631,-66.1685268195718));
#4691=CARTESIAN_POINT('',(-86.0955089626893,16.6940522001664,-66.16928316605));
#4692=CARTESIAN_POINT('',(-85.8941534835693,16.7510983649444,-66.4296377864656));
#4693=CARTESIAN_POINT('',(-86.4317847041657,15.8198711097561,-66.1596833989774));
#4694=CARTESIAN_POINT('',(-86.1029058629851,15.8171934547906,-66.1596552004924));
#4695=CARTESIAN_POINT('',(-85.9017467585175,15.812815705822,-66.4198172899891));
#4696=CARTESIAN_POINT('',(-86.3037673508099,18.4185894756204,-65.8966005652589));
#4697=CARTESIAN_POINT('',(-86.1828272830766,17.5807644958452,-66.0549939175612));
#4698=CARTESIAN_POINT('',(-86.2428047782931,16.712872318268,-66.1599999999962));
#4699=CARTESIAN_POINT('',(-86.4315111808188,15.8800000001209,-66.16));
#4700=CARTESIAN_POINT('',(0.,22.26,0.));
#4701=CARTESIAN_POINT('',(118.074984207235,22.26,-0.0610693153456721));
#4702=CARTESIAN_POINT('',(101.427329280623,22.26,-60.45));
#4703=CARTESIAN_POINT('',(97.8943109441195,15.88,-67.2092174465382));
#4704=CARTESIAN_POINT('',(98.6146498773322,15.88,-66.16));
#4705=CARTESIAN_POINT('',(97.3419576801289,15.88,-66.16));
#4706=CARTESIAN_POINT('',(97.8943109475327,16.8036813041992,-67.2092174415666));
#4707=CARTESIAN_POINT('',(98.614649879282,16.5801786041255,-66.1599999969815));
#4708=CARTESIAN_POINT('',(97.3419576835322,16.7066802894927,-66.16));
#4709=CARTESIAN_POINT('',(98.178905979686,18.6089650656507,-66.7970668200374));
#4710=CARTESIAN_POINT('',(98.7561966132306,17.8896956936243,-65.9461524525423));
#4711=CARTESIAN_POINT('',(97.6249469329362,18.3223809599291,-65.7932129289675));
#4712=CARTESIAN_POINT('',(99.2274130939676,20.7025818932752,-65.237969053294));
#4713=CARTESIAN_POINT('',(99.4997705671807,19.8039123118356,-64.8192613486926));
#4714=CARTESIAN_POINT('',(98.6675380105963,20.1961352057108,-64.4057180125936));
#4715=CARTESIAN_POINT('',(100.579681828196,21.9731188857395,-63.1383150558568));
#4716=CARTESIAN_POINT('',(100.652903709771,21.151373055118,-63.0178404094418));
#4717=CARTESIAN_POINT('',(100.012176781102,21.3332458982377,-62.5371634445555));
#4718=CARTESIAN_POINT('',(101.529154635172,22.2599999974288,-61.5878391436731));
#4719=CARTESIAN_POINT('',(101.551337411179,21.5461165348244,-61.5506192961351));
#4720=CARTESIAN_POINT('',(100.956292336782,21.59,-61.1573414116022));
#4721=CARTESIAN_POINT('',(102.002864411837,22.26,-60.7930150328181));
#4722=CARTESIAN_POINT('',(102.002864411837,21.59,-60.7930150328181));
#4723=CARTESIAN_POINT('',(101.427329280623,21.59,-60.45));
#4724=CARTESIAN_POINT('',(97.3419576801289,15.88,-66.83));
#4725=CARTESIAN_POINT('',(118.744984117621,22.26,-0.0614158445964157));
#4726=CARTESIAN_POINT('',(118.744984117621,21.59,-0.0614158445964162));
#4727=CARTESIAN_POINT('',(118.074984207235,21.59,-0.0610693153456721));
#4728=CARTESIAN_POINT('',(118.745422976022,22.2599999964756,0.78709864297763));
#4729=CARTESIAN_POINT('',(118.745377171379,21.5900457863305,0.698537536624856));
#4730=CARTESIAN_POINT('',(118.075420589267,21.59,0.694122400769417));
#4731=CARTESIAN_POINT('',(118.727618178706,21.9260584883669,2.45754269072333));
#4732=CARTESIAN_POINT('',(118.731240501865,21.2858787085089,2.20068099366624));
#4733=CARTESIAN_POINT('',(118.057716252981,21.2911001177553,2.18084481454673));
#4734=CARTESIAN_POINT('',(118.637460693088,20.0370103927929,5.31598555890766));
#4735=CARTESIAN_POINT('',(118.660135829374,19.5625369532591,4.75553520003648));
#4736=CARTESIAN_POINT('',(117.968067466681,19.6002763352032,4.72490553083771));
#4737=CARTESIAN_POINT('',(118.532124176806,15.8834314516733,7.05595841302671));
#4738=CARTESIAN_POINT('',(118.579647681262,15.8841905350029,6.26235795790243));
#4739=CARTESIAN_POINT('',(117.863325295183,15.8825467099309,6.27350971490124));
#4740=CARTESIAN_POINT('',(118.660373725449,10.8748010079862,4.96705595899455));
#4741=CARTESIAN_POINT('',(118.677351469687,11.4552500435393,4.46419837112414));
#4742=CARTESIAN_POINT('',(117.990851215951,11.3994890786254,4.41435250290399));
#4743=CARTESIAN_POINT('',(118.745861833822,9.49000000220862,1.63561196721791));
#4744=CARTESIAN_POINT('',(118.745770197937,10.1599084261388,1.45843794063056));
#4745=CARTESIAN_POINT('',(118.075856970947,10.16,1.44931308149841));
#4746=CARTESIAN_POINT('',(118.744984117621,9.49,-0.0614158445964203));
#4747=CARTESIAN_POINT('',(118.744984117621,10.16,-0.0614158445964203));
#4748=CARTESIAN_POINT('',(118.074984207235,10.16,-0.0610693153456762));
#4749=CARTESIAN_POINT('',(118.074984207235,9.49000000000001,-0.0610693153456765));
#4750=CARTESIAN_POINT('',(97.3419576801289,0.,-66.83));
#4751=CARTESIAN_POINT('',(97.3419576801289,15.87,-66.83));
#4752=CARTESIAN_POINT('',(0.,9.49000000000001,0.));
#4753=CARTESIAN_POINT('',(101.427329280623,9.49000000000001,-60.45));
#4754=CARTESIAN_POINT('',(102.002864411837,9.49000000000001,-60.7930150328181));
#4755=CARTESIAN_POINT('',(102.002864411837,10.16,-60.7930150328181));
#4756=CARTESIAN_POINT('',(101.427329280623,10.16,-60.45));
#4757=CARTESIAN_POINT('',(101.528219957459,9.49000000289696,-61.5894074127253));
#4758=CARTESIAN_POINT('',(101.550417266739,10.2039728934402,-61.5521631802033));
#4759=CARTESIAN_POINT('',(100.955362932822,10.16,-61.1587370683757));
#4760=CARTESIAN_POINT('',(100.582714735107,9.77690324879621,-63.1332726794783));
#4761=CARTESIAN_POINT('',(100.656351714344,10.5977477974257,-63.0121750604195));
#4762=CARTESIAN_POINT('',(100.015192575321,10.4167739119603,-62.5326760598751));
#4763=CARTESIAN_POINT('',(99.2352144752155,11.0369560388602,-65.2261399427487));
#4764=CARTESIAN_POINT('',(99.5060191213737,11.9355555746845,-64.8096882346508));
#4765=CARTESIAN_POINT('',(98.6752953737743,11.5445014074957,-64.3951908784064));
#4766=CARTESIAN_POINT('',(98.1806504929978,13.132561809661,-66.7945861720289));
#4767=CARTESIAN_POINT('',(98.7567373202957,13.8543981515494,-65.9453667420697));
#4768=CARTESIAN_POINT('',(97.6266816031065,13.4200357262947,-65.7910053161696));
#4769=CARTESIAN_POINT('',(97.8943109450545,14.9430170122149,-67.2092174451762));
#4770=CARTESIAN_POINT('',(98.6146498778807,15.1673186186769,-66.1599999991822));
#4771=CARTESIAN_POINT('',(97.341957681068,15.0403647554444,-66.16));
#4772=CARTESIAN_POINT('',(97.8943109441195,15.87,-67.2092174465382));
#4773=CARTESIAN_POINT('',(98.6146498773322,15.87,-66.16));
#4774=CARTESIAN_POINT('',(97.3419576801289,15.87,-66.16));
#4775=CARTESIAN_POINT('',(-85.7712488249996,18.4185894756215,-66.16));
#4776=CARTESIAN_POINT('',(-86.1026506687352,18.4185894756208,-66.16));
#4777=CARTESIAN_POINT('',(-86.3037673508105,18.4185894756204,-65.8966005652581));
#4778=CARTESIAN_POINT('',(-85.7712488318079,17.9744217240029,-66.16));
#4779=CARTESIAN_POINT('',(-86.0463200359016,18.019623720137,-66.1599999999982));
#4780=CARTESIAN_POINT('',(-86.2469375559733,18.0248951221006,-65.9710296761699));
#4781=CARTESIAN_POINT('',(-85.8930298156182,17.1079174364456,-66.16));
#4782=CARTESIAN_POINT('',(-86.047301986945,17.1901153673462,-66.159999998631));
#4783=CARTESIAN_POINT('',(-86.2089050127701,17.2183190872839,-66.099761673893));
#4784=CARTESIAN_POINT('',(-86.2310278730323,16.2697404978202,-66.16));
#4785=CARTESIAN_POINT('',(-86.2811486970575,16.2956458882481,-66.1600000026787));
#4786=CARTESIAN_POINT('',(-86.3312695316014,16.3215512496516,-66.16));
#4787=CARTESIAN_POINT('',(-86.4315111808188,15.88,-66.16));
#4788=CARTESIAN_POINT('',(-86.4315111808188,15.88,-66.16));
#4789=CARTESIAN_POINT('',(-86.4315111808188,15.88,-66.16));
#4790=CARTESIAN_POINT('',(-85.7712488249996,18.4185894756204,-65.49));
#4791=CARTESIAN_POINT('',(-85.7712488249996,0.,-65.49));
#4792=CARTESIAN_POINT('',(-85.7712488249996,31.08,-65.49));
#4793=CARTESIAN_POINT('',(-85.7712488249996,0.,-65.49));
#4794=CARTESIAN_POINT('',(-85.7712488249997,0.669999999999994,-65.49));
#4795=CARTESIAN_POINT('',(-85.7712488249996,13.3314105243883,-65.49));
#4796=CARTESIAN_POINT('',(-86.4315111808188,15.87,-66.16));
#4797=CARTESIAN_POINT('',(-86.4315111808188,15.87,-66.16));
#4798=CARTESIAN_POINT('',(-86.4315111808188,15.87,-66.16));
#4799=CARTESIAN_POINT('',(-86.0274717215404,15.0845453867893,-66.16));
#4800=CARTESIAN_POINT('',(-86.1284815811135,15.0323375514116,-66.1600000054075));
#4801=CARTESIAN_POINT('',(-86.2294914606029,14.9801297711289,-66.16));
#4802=CARTESIAN_POINT('',(-85.7712488340633,14.2236306968026,-66.16));
#4803=CARTESIAN_POINT('',(-85.9931861278202,14.1067009711755,-66.1600000000048));
#4804=CARTESIAN_POINT('',(-86.1896107291983,14.1222424613018,-66.0461097421908));
#4805=CARTESIAN_POINT('',(-85.7712488249996,13.3314105243883,-66.16));
#4806=CARTESIAN_POINT('',(-86.1026506687339,13.3314105243883,-66.16));
#4807=CARTESIAN_POINT('',(-86.3037673508093,13.3314105243883,-65.8966005652597));
#4808=CARTESIAN_POINT('',(-106.201802417046,0.670000000000002,26.1337365053798));
#4809=CARTESIAN_POINT('',(-105.396294452642,0.670000000000001,26.1337365053798));
#4810=CARTESIAN_POINT('',(-105.584350077412,0.670000000000002,25.3504880373253));
#4811=CARTESIAN_POINT('',(-106.201801913421,0.660665747477799,26.1337365053798));
#4812=CARTESIAN_POINT('',(-105.396280704688,0.439710292336567,26.1337365053794));
#4813=CARTESIAN_POINT('',(-105.584350050013,0.491315737432308,25.3504881514384));
#4814=CARTESIAN_POINT('',(-106.209924548811,0.642331236041661,26.1337365053798));
#4815=CARTESIAN_POINT('',(-105.64051312555,0.0194744472452562,26.1337365053799));
#4816=CARTESIAN_POINT('',(-105.731790963292,0.140346196795998,25.3839525306778));
#4817=CARTESIAN_POINT('',(-106.228429201892,0.635000563402801,26.1337365053798));
#4818=CARTESIAN_POINT('',(-106.062407898585,-0.0397807507681775,26.1337365053798));
#4819=CARTESIAN_POINT('',(-106.067732187889,1.42619049583086E-13,25.4601667010618));
#4820=CARTESIAN_POINT('',(-106.237796765695,0.635,26.1337365053798));
#4821=CARTESIAN_POINT('',(-106.237796765695,-1.21322223101128E-13,26.1337365053798));
#4822=CARTESIAN_POINT('',(-106.237796765695,1.0842021724855E-16,25.4987365053797));
#4823=CARTESIAN_POINT('',(-106.237796765695,0.,25.4987365053798));
#4824=CARTESIAN_POINT('',(-105.892599159751,-7.55552092576672E-15,25.4204474013932));
#4825=CARTESIAN_POINT('',(-105.584350077412,0.316035148073684,25.3504880373252));
#4826=CARTESIAN_POINT('',(-105.584350077412,0.670000000000002,25.3504880373252));
#4827=CARTESIAN_POINT('',(0.,0.670000000000002,0.));
#4828=CARTESIAN_POINT('',(-86.836285876619,0.670000000000002,-66.3032011305194));
#4829=CARTESIAN_POINT('',(-85.7712488249996,0.67,-65.49));
#4830=CARTESIAN_POINT('',(0.,0.67,0.));
#4831=CARTESIAN_POINT('',(90.4231205223531,0.67,-75.93));
#4832=CARTESIAN_POINT('',(115.296590358018,0.67,25.4637365053798));
#4833=CARTESIAN_POINT('',(115.296590358018,0.67,25.4637365053798));
#4834=CARTESIAN_POINT('',(-90.7348611339655,0.670000000000004,-75.93));
#4835=CARTESIAN_POINT('',(-90.4231205223531,0.670000000000004,-75.93));
#4836=CARTESIAN_POINT('',(90.4231205223531,0.670000000000001,-75.93));
#4837=CARTESIAN_POINT('',(90.4231205223531,0.67,-75.93));
#4838=CARTESIAN_POINT('',(90.4231205223531,0.67,-75.93));
#4839=CARTESIAN_POINT('',(90.4231205223531,0.,-75.93));
#4840=CARTESIAN_POINT('',(90.4231205223531,31.08,-75.93));
#4841=CARTESIAN_POINT('',(90.4231205223531,31.08,-75.93));
#4842=CARTESIAN_POINT('',(90.4231205223531,31.08,-75.93));
#4843=CARTESIAN_POINT('',(-85.7061572002185,31.08,-75.93));
#4844=CARTESIAN_POINT('',(-90.4231205223531,31.08,-75.93));
#4845=CARTESIAN_POINT('',(-118.744984117621,9.49000000000001,-0.0614158445964205));
#4846=CARTESIAN_POINT('',(-118.744984117621,10.16,-0.0614158445964205));
#4847=CARTESIAN_POINT('',(-118.074984207235,10.16,-0.0610693153456765));
#4848=CARTESIAN_POINT('',(-118.745422976022,9.49000000352736,0.78709864297848));
#4849=CARTESIAN_POINT('',(-118.745377171383,10.1599542136698,0.698537536627152));
#4850=CARTESIAN_POINT('',(-118.075420589267,10.16,0.694122400770185));
#4851=CARTESIAN_POINT('',(-118.727618178706,9.8239415116318,2.45754269072294));
#4852=CARTESIAN_POINT('',(-118.731240501863,10.4641212914907,2.2006809936638));
#4853=CARTESIAN_POINT('',(-118.057716252981,10.4588998822447,2.18084481454638));
#4854=CARTESIAN_POINT('',(-118.637460693088,11.712989607208,5.31598555890788));
#4855=CARTESIAN_POINT('',(-118.660135829375,12.187463046742,4.75553520003929));
#4856=CARTESIAN_POINT('',(-117.968067466681,12.1497236647968,4.7249055308379));
#4857=CARTESIAN_POINT('',(-118.532124176806,15.8665685483258,7.05595841302669));
#4858=CARTESIAN_POINT('',(-118.579647681262,15.865809464997,6.26235795790121));
#4859=CARTESIAN_POINT('',(-117.863325295183,15.8674532900691,6.27350971490121));
#4860=CARTESIAN_POINT('',(-118.660373725449,20.8751989920159,4.96705595899439));
#4861=CARTESIAN_POINT('',(-118.677351469687,20.2947499564577,4.46419837112424));
#4862=CARTESIAN_POINT('',(-117.990851215951,20.3505109213746,4.41435250290385));
#4863=CARTESIAN_POINT('',(-118.745861833822,22.259999997787,1.63561196721832));
#4864=CARTESIAN_POINT('',(-118.745770197937,21.5900915738687,1.45843794063091));
#4865=CARTESIAN_POINT('',(-118.075856970947,21.59,1.44931308149876));
#4866=CARTESIAN_POINT('',(-118.744984117621,22.26,-0.0614158445964153));
#4867=CARTESIAN_POINT('',(-118.744984117621,21.59,-0.0614158445964158));
#4868=CARTESIAN_POINT('',(-118.074984207235,21.59,-0.0610693153456718));
#4869=CARTESIAN_POINT('',(-118.074984207235,22.26,-0.0610693153456717));
#4870=CARTESIAN_POINT('',(-118.074984207235,9.49000000000001,-0.0610693153456765));
#4871=CARTESIAN_POINT('',(0.,9.49000000000001,0.));
#4872=CARTESIAN_POINT('',(-101.427329280623,9.49000000000001,-60.45));
#4873=CARTESIAN_POINT('',(0.,22.26,0.));
#4874=CARTESIAN_POINT('',(-101.427329280623,22.26,-60.45));
#4875=CARTESIAN_POINT('',(-97.8943109441194,15.87,-67.2092174465382));
#4876=CARTESIAN_POINT('',(-98.6146498773322,15.87,-66.16));
#4877=CARTESIAN_POINT('',(-97.3419576801289,15.87,-66.16));
#4878=CARTESIAN_POINT('',(-97.8943109475478,14.9463186958056,-67.2092174415446));
#4879=CARTESIAN_POINT('',(-98.6146498793026,15.1698213958758,-66.1599999969608));
#4880=CARTESIAN_POINT('',(-97.3419576835514,15.0433197105121,-66.16));
#4881=CARTESIAN_POINT('',(-98.1789059796792,13.141034934347,-66.7970668200472));
#4882=CARTESIAN_POINT('',(-98.7561966132218,13.8603043063744,-65.9461524525492));
#4883=CARTESIAN_POINT('',(-97.624946932927,13.4276190400687,-65.7932129289667));
#4884=CARTESIAN_POINT('',(-99.2274130939685,11.0474181067258,-65.237969053293));
#4885=CARTESIAN_POINT('',(-99.4997705671823,11.9460876881657,-64.8192613486968));
#4886=CARTESIAN_POINT('',(-98.6675380105995,11.5538647942898,-64.4057180125964));
#4887=CARTESIAN_POINT('',(-100.579681828199,9.77688111425885,-63.1383150558512));
#4888=CARTESIAN_POINT('',(-100.65290370977,10.5986269448805,-63.017840409425));
#4889=CARTESIAN_POINT('',(-100.012176781099,10.4167541017621,-62.5371634445452));
#4890=CARTESIAN_POINT('',(-101.529154635164,9.49000000257443,-61.5878391436868));
#4891=CARTESIAN_POINT('',(-101.551337411183,10.2038834651771,-61.5506192961642));
#4892=CARTESIAN_POINT('',(-100.956292336788,10.16,-61.1573414116245));
#4893=CARTESIAN_POINT('',(-102.002864411837,9.49,-60.7930150328181));
#4894=CARTESIAN_POINT('',(-102.002864411837,10.16,-60.7930150328181));
#4895=CARTESIAN_POINT('',(-101.427329280623,10.16,-60.45));
#4896=CARTESIAN_POINT('',(-97.3419576801289,15.87,-66.83));
#4897=CARTESIAN_POINT('',(-102.002864411837,22.26,-60.7930150328181));
#4898=CARTESIAN_POINT('',(-102.002864411837,21.59,-60.7930150328181));
#4899=CARTESIAN_POINT('',(-101.427329280623,21.59,-60.45));
#4900=CARTESIAN_POINT('',(-101.528219957459,22.2599999971022,-61.5894074127253));
#4901=CARTESIAN_POINT('',(-101.550417266737,21.5460271065579,-61.5521631801941));
#4902=CARTESIAN_POINT('',(-100.955362932822,21.59,-61.1587370683757));
#4903=CARTESIAN_POINT('',(-100.582714735107,21.9730967512042,-63.1332726794783));
#4904=CARTESIAN_POINT('',(-100.656351714343,21.1522522025742,-63.0121750604278));
#4905=CARTESIAN_POINT('',(-100.015192575321,21.3332260880397,-62.5326760598751));
#4906=CARTESIAN_POINT('',(-99.2352144752155,20.7130439611397,-65.2261399427487));
#4907=CARTESIAN_POINT('',(-99.5060191213749,19.8144444253167,-64.8096882346468));
#4908=CARTESIAN_POINT('',(-98.6752953737743,20.2054985925043,-64.3951908784064));
#4909=CARTESIAN_POINT('',(-98.1806504929978,18.617438190339,-66.7945861720289));
#4910=CARTESIAN_POINT('',(-98.7567373202951,17.8956018484492,-65.9453667420712));
#4911=CARTESIAN_POINT('',(-97.6266816031065,18.3299642737053,-65.7910053161696));
#4912=CARTESIAN_POINT('',(-97.8943109450545,16.8069829877851,-67.2092174451762));
#4913=CARTESIAN_POINT('',(-98.6146498778807,16.5826813813246,-66.1599999991822));
#4914=CARTESIAN_POINT('',(-97.341957681068,16.7096352445556,-66.16));
#4915=CARTESIAN_POINT('',(-97.8943109441195,15.88,-67.2092174465382));
#4916=CARTESIAN_POINT('',(-98.6146498773322,15.88,-66.16));
#4917=CARTESIAN_POINT('',(-97.3419576801289,15.88,-66.16));
#4918=CARTESIAN_POINT('',(-97.3419576801289,15.88,-66.83));
#4919=CARTESIAN_POINT('',(-97.3419576801289,0.,-66.83));
#4920=CARTESIAN_POINT('',(-115.288854889051,0.634999999985755,26.1337365053798));
#4921=CARTESIAN_POINT('',(-115.288854889007,-2.39976224655769E-11,26.1337365053798));
#4922=CARTESIAN_POINT('',(-115.288854889007,-1.42450070836353E-11,25.49873650537));
#4923=CARTESIAN_POINT('',(-115.307537074085,0.635001900313157,26.1337365053798));
#4924=CARTESIAN_POINT('',(-115.612451664696,0.067717268429773,26.1337365053798));
#4925=CARTESIAN_POINT('',(-115.630678096632,-3.90618704733754E-11,25.5702064421671));
#4926=CARTESIAN_POINT('',(-115.324699120914,0.651275970702388,26.1337365053798));
#4927=CARTESIAN_POINT('',(-115.834619502567,0.371903699219333,26.1337365053804));
#4928=CARTESIAN_POINT('',(-115.944725670207,0.311568582017621,25.6358267715421));
#4929=CARTESIAN_POINT('',(-115.32470046191,0.669999999999992,26.1337365053798));
#4930=CARTESIAN_POINT('',(-115.834635905779,0.669999999999992,26.1337365053798));
#4931=CARTESIAN_POINT('',(-115.94472573321,0.669999999999992,25.6358264865915));
#4932=CARTESIAN_POINT('',(-115.94472573321,0.669999999999992,25.6358264865915));
#4933=CARTESIAN_POINT('',(-115.94472573321,0.316015721642253,25.6358264865915));
#4934=CARTESIAN_POINT('',(-115.635345830234,3.85049166254582E-17,25.5711823983479));
#4935=CARTESIAN_POINT('',(-115.288854889053,3.85049166254582E-17,25.4987365053798));
#4936=CARTESIAN_POINT('',(0.,0.669999999999992,0.));
#4937=CARTESIAN_POINT('',(-90.4231205223531,0.669999999999992,-75.93));
#4938=CARTESIAN_POINT('',(-90.4231205223531,0.670000000000004,-75.93));
#4939=CARTESIAN_POINT('',(-90.4231205223531,0.670000000000004,-75.93));
#4940=CARTESIAN_POINT('',(-90.4231205223531,0.,-75.93));
#4941=CARTESIAN_POINT('',(-90.4231205223531,31.08,-75.93));
#4942=CARTESIAN_POINT('',(-90.4231205223531,31.08,-75.93));
#4943=CARTESIAN_POINT('',(-90.4231205223531,31.08,-75.93));
#4944=CARTESIAN_POINT('',(0.,31.08,0.));
#4945=CARTESIAN_POINT('',(-115.288854889053,31.75,25.4987365053798));
#4946=CARTESIAN_POINT('',(-115.635322773937,31.75,25.571177577633));
#4947=CARTESIAN_POINT('',(-115.94472573321,31.4339606945693,25.6358264865915));
#4948=CARTESIAN_POINT('',(-115.94472573321,31.08,25.6358264865915));
#4949=CARTESIAN_POINT('',(-115.32470046191,31.08,26.1337365053798));
#4950=CARTESIAN_POINT('',(-115.834635905779,31.08,26.1337365053798));
#4951=CARTESIAN_POINT('',(-115.94472573321,31.08,25.6358264865915));
#4952=CARTESIAN_POINT('',(-115.324700933898,31.0986498265016,26.1337365053798));
#4953=CARTESIAN_POINT('',(-115.834642459504,31.3769132709073,26.13373650538));
#4954=CARTESIAN_POINT('',(-115.944725755158,31.4370109609546,25.6358263873256));
#4955=CARTESIAN_POINT('',(-115.307552517966,31.1149988537329,26.1337365053798));
#4956=CARTESIAN_POINT('',(-115.612707347035,31.6822426833176,26.1337365053797));
#4957=CARTESIAN_POINT('',(-115.630960668839,31.75,25.5702655254662));
#4958=CARTESIAN_POINT('',(-115.288854889053,31.115,26.1337365053798));
#4959=CARTESIAN_POINT('',(-115.288854889053,31.75,26.1337365053798));
#4960=CARTESIAN_POINT('',(-115.288854889053,31.75,25.4987365053798));
#4961=CARTESIAN_POINT('',(-106.237796765698,31.115000000013,26.1337365053798));
#4962=CARTESIAN_POINT('',(-106.237796765739,31.7500000000031,26.1337365053798));
#4963=CARTESIAN_POINT('',(-106.237796765739,31.750000000013,25.4987365053897));
#4964=CARTESIAN_POINT('',(-106.228440723559,31.1149990863529,26.1337365053798));
#4965=CARTESIAN_POINT('',(-106.06262891072,31.7897236461397,26.1337365053798));
#4966=CARTESIAN_POINT('',(-106.067941359741,31.7500000000246,25.4602141392032));
#4967=CARTESIAN_POINT('',(-106.209949470432,31.1076745270199,26.1337365053798));
#4968=CARTESIAN_POINT('',(-105.641181996424,31.7305192118117,26.1337365053797));
#4969=CARTESIAN_POINT('',(-105.732254069842,31.6097607723171,25.3840577629285));
#4970=CARTESIAN_POINT('',(-106.201803094052,31.0893830294134,26.1337365053798));
#4971=CARTESIAN_POINT('',(-105.396316327576,31.3114913654806,26.13373650538));
#4972=CARTESIAN_POINT('',(-105.584350113991,31.2596179916286,25.3504878849717));
#4973=CARTESIAN_POINT('',(-106.201802417046,31.08,26.1337365053798));
#4974=CARTESIAN_POINT('',(-105.396294452642,31.08,26.1337365053798));
#4975=CARTESIAN_POINT('',(-105.584350077412,31.08,25.3504880373252));
#4976=CARTESIAN_POINT('',(-105.584350077412,31.08,25.3504880373252));
#4977=CARTESIAN_POINT('',(-105.584350077412,31.4339924534059,25.3504880373252));
#4978=CARTESIAN_POINT('',(-105.892572283396,31.75,25.4204413059692));
#4979=CARTESIAN_POINT('',(-106.237796765695,31.75,25.4987365053798));
#4980=CARTESIAN_POINT('',(0.,31.08,0.));
#4981=CARTESIAN_POINT('',(-86.836285876619,31.08,-66.3032011305194));
#4982=CARTESIAN_POINT('',(-85.7712488249996,31.08,-65.49));
#4983=CARTESIAN_POINT('',(85.7712488249997,13.3314105243883,-66.16));
#4984=CARTESIAN_POINT('',(86.1026506687339,13.3314105243883,-66.16));
#4985=CARTESIAN_POINT('',(86.3037673508093,13.3314105243883,-65.8966005652597));
#4986=CARTESIAN_POINT('',(85.77124883197,13.7762870960504,-66.16));
#4987=CARTESIAN_POINT('',(86.0462331496058,13.730991659376,-66.160000000007));
#4988=CARTESIAN_POINT('',(86.2468468648323,13.7257331506011,-65.9711484529674));
#4989=CARTESIAN_POINT('',(85.8935100798227,14.6434482107799,-66.16));
#4990=CARTESIAN_POINT('',(86.0476020987457,14.5613359053121,-66.159999998624));
#4991=CARTESIAN_POINT('',(86.2090495273476,14.5330939156404,-66.0998852688124));
#4992=CARTESIAN_POINT('',(86.2309446687087,15.4800977551377,-66.16));
#4993=CARTESIAN_POINT('',(86.2810862938231,15.4541816136674,-66.1600000026843));
#4994=CARTESIAN_POINT('',(86.331227929437,15.428265501235,-66.16));
#4995=CARTESIAN_POINT('',(86.4315111808188,15.87,-66.16));
#4996=CARTESIAN_POINT('',(86.4315111808188,15.87,-66.16));
#4997=CARTESIAN_POINT('',(86.4315111808188,15.87,-66.16));
#4998=CARTESIAN_POINT('',(85.7712488249996,13.3314105243883,-65.49));
#4999=CARTESIAN_POINT('',(85.7712488249996,0.,-65.49));
#5000=CARTESIAN_POINT('',(85.7712488249996,0.67,-65.49));
#5001=CARTESIAN_POINT('',(86.4315111808188,-1.0842021724855E-16,-66.83));
#5002=CARTESIAN_POINT('',(86.4315111808188,-1.0842021724855E-16,-66.83));
#5003=CARTESIAN_POINT('',(86.4315111808188,-1.0842021724855E-16,-66.83));
#5004=CARTESIAN_POINT('',(86.2689474058013,-1.0842021724855E-16,-66.6644096885474));
#5005=CARTESIAN_POINT('',(86.3344470883078,4.7172026370446E-10,-66.6322597523785));
#5006=CARTESIAN_POINT('',(86.3999467876856,-1.0842021724855E-16,-66.6001098505805));
#5007=CARTESIAN_POINT('',(85.9371578996709,0.124045888989053,-66.3275635524384));
#5008=CARTESIAN_POINT('',(86.1351167201091,0.215003327785144,-66.2267053523508));
#5009=CARTESIAN_POINT('',(86.3357300357872,0.124045888989056,-66.1310411148527));
#5010=CARTESIAN_POINT('',(85.7712488111084,0.483807817720139,-66.16));
#5011=CARTESIAN_POINT('',(86.1026506651759,0.529361392167223,-66.159999992688));
#5012=CARTESIAN_POINT('',(86.303767359304,0.483807817720139,-65.8966005541343));
#5013=CARTESIAN_POINT('',(85.7712488249996,0.67,-66.16));
#5014=CARTESIAN_POINT('',(86.102650668734,0.67,-66.16));
#5015=CARTESIAN_POINT('',(86.3037673508093,0.67,-65.8966005652597));
#5016=CARTESIAN_POINT('',(86.3037673508093,18.4185894756117,-65.8966005652597));
#5017=CARTESIAN_POINT('',(86.1026506687339,18.4185894756117,-66.16));
#5018=CARTESIAN_POINT('',(85.7712488249996,18.4185894756117,-66.16));
#5019=CARTESIAN_POINT('',(86.246842392677,18.02423586801,-65.9711543100805));
#5020=CARTESIAN_POINT('',(86.0462288653285,18.0189779967184,-66.1599999999954));
#5021=CARTESIAN_POINT('',(85.7712488319829,17.9736779506067,-66.16));
#5022=CARTESIAN_POINT('',(86.2090453259082,17.2170081852136,-66.0998740785969));
#5023=CARTESIAN_POINT('',(86.0475894370395,17.1887635086241,-66.1600000103766));
#5024=CARTESIAN_POINT('',(85.8934844758907,17.1066545429558,-66.16));
#5025=CARTESIAN_POINT('',(86.3312337178635,16.3217090019837,-66.1600000000002));
#5026=CARTESIAN_POINT('',(86.2810949764129,16.2957943853203,-66.1599999797121));
#5027=CARTESIAN_POINT('',(86.230956245465,16.2698797396225,-66.16));
#5028=CARTESIAN_POINT('',(86.4315111808188,15.8799999999997,-66.16));
#5029=CARTESIAN_POINT('',(86.4315111808188,15.8799999999999,-66.16));
#5030=CARTESIAN_POINT('',(86.4315111808188,15.88,-66.16));
#5031=CARTESIAN_POINT('',(85.7712488249996,18.4185894756117,-65.49));
#5032=CARTESIAN_POINT('',(85.7712488249996,0.,-65.49));
#5033=CARTESIAN_POINT('',(85.7712488249996,31.08,-65.49));
#5034=CARTESIAN_POINT('',(86.4315111808188,31.75,-66.83));
#5035=CARTESIAN_POINT('',(86.4315111808188,31.75,-66.83));
#5036=CARTESIAN_POINT('',(86.4315111808188,31.75,-66.83));
#5037=CARTESIAN_POINT('',(86.3999467876958,31.75,-66.6001098505805));
#5038=CARTESIAN_POINT('',(86.3344470883206,31.7499999999688,-66.6322597523709));
#5039=CARTESIAN_POINT('',(86.2689474058038,31.75,-66.6644096885397));
#5040=CARTESIAN_POINT('',(86.335730035783,31.6259541110102,-66.1310411148515));
#5041=CARTESIAN_POINT('',(86.1351167201051,31.5349966719851,-66.2267053523548));
#5042=CARTESIAN_POINT('',(85.9371578996722,31.6259541110102,-66.3275635524422));
#5043=CARTESIAN_POINT('',(86.3037673593021,31.2661921822814,-65.8966005541368));
#5044=CARTESIAN_POINT('',(86.1026506651701,31.220638607832,-66.159999992688));
#5045=CARTESIAN_POINT('',(85.7712488111032,31.2661921822814,-66.16));
#5046=CARTESIAN_POINT('',(86.3037673508093,31.08,-65.8966005652597));
#5047=CARTESIAN_POINT('',(86.102650668734,31.08,-66.16));
#5048=CARTESIAN_POINT('',(85.7712488249996,31.08,-66.16));
#5049=CARTESIAN_POINT('',(-60.,21.925,-38.3895252912596));
#5050=CARTESIAN_POINT('',(-60.,14.865,-76.6));
#5051=CARTESIAN_POINT('',(-60.,14.865,-66.83));
#5052=CARTESIAN_POINT('',(-60.,14.865,-75.93));
#5053=CARTESIAN_POINT('',(-60.,21.925,-75.93));
#5054=CARTESIAN_POINT('',(-60.,16.215,-75.93));
#5055=CARTESIAN_POINT('',(-60.,16.215,-66.16));
#5056=CARTESIAN_POINT('',(-60.,16.215,-66.83));
#5057=CARTESIAN_POINT('',(-60.,14.865,-66.83));
#5058=CARTESIAN_POINT('',(-60.,9.155,-38.3895252912596));
#5059=CARTESIAN_POINT('',(-60.,9.155,-72.13));
#5060=CARTESIAN_POINT('',(54.29,9.15500000000002,-72.13));
#5061=CARTESIAN_POINT('',(-54.29,9.155,-72.13));
#5062=CARTESIAN_POINT('',(54.29,9.155,-76.6));
#5063=CARTESIAN_POINT('',(54.29,9.155,-75.93));
#5064=CARTESIAN_POINT('',(-60.,9.155,-75.93));
#5065=CARTESIAN_POINT('',(-54.29,9.155,-75.93));
#5066=CARTESIAN_POINT('',(-54.29,9.155,-66.16));
#5067=CARTESIAN_POINT('',(60.,9.155,-38.3895252912596));
#5068=CARTESIAN_POINT('',(60.,16.215,-76.6));
#5069=CARTESIAN_POINT('',(60.,16.215,-66.83));
#5070=CARTESIAN_POINT('',(60.,16.215,-75.93));
#5071=CARTESIAN_POINT('',(60.,9.155,-75.93));
#5072=CARTESIAN_POINT('',(60.,14.865,-75.93));
#5073=CARTESIAN_POINT('',(60.,14.865,-66.16));
#5074=CARTESIAN_POINT('',(60.,14.865,-66.83));
#5075=CARTESIAN_POINT('',(60.,16.215,-66.83));
#5076=CARTESIAN_POINT('',(60.,21.925,-38.3895252912596));
#5077=CARTESIAN_POINT('',(60.,21.925,-72.13));
#5078=CARTESIAN_POINT('',(-54.29,21.925,-72.13));
#5079=CARTESIAN_POINT('',(54.29,21.925,-72.13));
#5080=CARTESIAN_POINT('',(-54.29,21.925,-76.6));
#5081=CARTESIAN_POINT('',(-54.29,21.925,-75.93));
#5082=CARTESIAN_POINT('',(60.,21.925,-75.93));
#5083=CARTESIAN_POINT('',(54.29,21.925,-75.93));
#5084=CARTESIAN_POINT('',(54.29,21.925,-66.16));
#5085=CARTESIAN_POINT('',(-54.29,14.865,-38.3895252912596));
#5086=CARTESIAN_POINT('',(-54.29,14.865,-75.93));
#5087=CARTESIAN_POINT('',(-54.29,14.865,-66.83));
#5088=CARTESIAN_POINT('',(-54.29,9.155,-38.3895252912596));
#5089=CARTESIAN_POINT('',(-54.29,16.215,-38.3895252912596));
#5090=CARTESIAN_POINT('',(-54.29,16.215,-75.93));
#5091=CARTESIAN_POINT('',(-54.29,21.925,-76.6));
#5092=CARTESIAN_POINT('',(-54.29,16.215,-66.83));
#5093=CARTESIAN_POINT('',(54.29,14.865,-38.3895252912596));
#5094=CARTESIAN_POINT('',(54.29,14.865,-75.93));
#5095=CARTESIAN_POINT('',(54.29,9.155,-38.3895252912596));
#5096=CARTESIAN_POINT('',(54.29,14.865,-66.83));
#5097=CARTESIAN_POINT('',(54.29,16.215,-38.3895252912596));
#5098=CARTESIAN_POINT('',(54.29,16.215,-75.93));
#5099=CARTESIAN_POINT('',(54.29,16.215,-66.83));
#5100=CARTESIAN_POINT('',(54.29,21.925,-66.16));
#5101=CARTESIAN_POINT('',(-60.,8.485,-66.83));
#5102=CARTESIAN_POINT('',(-54.29,8.485,-66.83));
#5103=CARTESIAN_POINT('',(54.29,8.485,-66.83));
#5104=CARTESIAN_POINT('',(54.29,14.865,-66.83));
#5105=CARTESIAN_POINT('',(60.67,14.865,-66.83));
#5106=CARTESIAN_POINT('',(-54.29,14.865,-66.83));
#5107=CARTESIAN_POINT('',(-60.67,14.865,-66.83));
#5108=CARTESIAN_POINT('',(60.67,9.155,-66.83));
#5109=CARTESIAN_POINT('',(60.67,16.215,-66.83));
#5110=CARTESIAN_POINT('',(-60.67,21.925,-66.83));
#5111=CARTESIAN_POINT('',(-60.67,16.215,-66.83));
#5112=CARTESIAN_POINT('',(54.29,16.215,-66.83));
#5113=CARTESIAN_POINT('',(54.29,22.595,-66.83));
#5114=CARTESIAN_POINT('',(-54.29,16.215,-66.83));
#5115=CARTESIAN_POINT('',(-54.29,22.595,-66.83));
#5116=CARTESIAN_POINT('',(60.,22.595,-66.83));
#5117=CARTESIAN_POINT('',(-90.7348611339655,8.48500000000001,-75.93));
#5118=CARTESIAN_POINT('',(-54.29,8.485,-75.93));
#5119=CARTESIAN_POINT('',(54.29,8.48500000000001,-75.93));
#5120=CARTESIAN_POINT('',(54.29,14.865,-75.93));
#5121=CARTESIAN_POINT('',(60.67,14.865,-75.93));
#5122=CARTESIAN_POINT('',(-54.29,14.865,-75.93));
#5123=CARTESIAN_POINT('',(-60.67,14.865,-75.93));
#5124=CARTESIAN_POINT('',(60.67,-71.8471001766775,-75.93));
#5125=CARTESIAN_POINT('',(60.67,16.215,-75.93));
#5126=CARTESIAN_POINT('',(-60.67,-71.8471001766775,-75.93));
#5127=CARTESIAN_POINT('',(-60.67,16.215,-75.93));
#5128=CARTESIAN_POINT('',(54.29,16.215,-75.93));
#5129=CARTESIAN_POINT('',(54.29,22.595,-75.93));
#5130=CARTESIAN_POINT('',(-54.29,16.215,-75.93));
#5131=CARTESIAN_POINT('',(-54.29,22.595,-75.93));
#5132=CARTESIAN_POINT('',(-90.7348611339655,22.595,-75.93));
#5133=CARTESIAN_POINT('',(-54.29,55.3910343082238,-70.63));
#5134=CARTESIAN_POINT('',(-54.29,55.3910343082238,-70.63));
#5135=CARTESIAN_POINT('',(-54.29,55.3910343082238,-72.13));
#5136=CARTESIAN_POINT('',(54.29,55.3910343082238,-72.13));
#5137=CARTESIAN_POINT('',(54.29,55.3910343082238,-72.13));
#5138=CARTESIAN_POINT('',(54.29,55.3910343082238,-70.63));
#5139=CARTESIAN_POINT('',(0.,55.3910343082238,-72.13));
#5140=CARTESIAN_POINT('',(0.,55.3910343082238,-70.63));
#5141=CARTESIAN_POINT('',(-54.29,55.3910343082238,-70.63));
#5142=CARTESIAN_POINT('',(-54.29,55.3910343082238,-70.63));
#5143=CARTESIAN_POINT('',(-54.29,55.3910343082238,-72.13));
#5144=CARTESIAN_POINT('',(0.,55.3910343082238,-70.63));
#5145=CARTESIAN_POINT('',(54.29,55.3910343082238,-70.63));
#5146=CARTESIAN_POINT('',(0.,55.3910343082238,-72.13));
#5147=CARTESIAN_POINT('',(54.29,55.3910343082238,-72.13));
#5148=CARTESIAN_POINT('',(54.29,55.3910343082238,-72.13));
#5149=MECHANICAL_DESIGN_GEOMETRIC_PRESENTATION_REPRESENTATION('',(#1924,
#1925,#1926,#1927,#1928,#1929,#1930,#1931,#1932,#1933,#1934,#1935,#1936,
#1937,#1938,#1939,#1940,#1941,#1942,#1943,#1944,#1945,#1946,#1947,#1948,
#1949,#1950,#1951,#1952,#1953,#1954,#1955,#1956,#1957,#1958,#1959,#1960,
#1961,#1962,#1963,#1964,#1965,#1966,#1967,#1968,#1969,#1970,#1971,#1972,
#1973,#1974,#1975,#1976,#1977,#1978,#1979,#1980,#1981,#1982,#1983,#1984,
#1985,#1986,#1987,#1988,#1989,#1990,#1991,#1992,#1993,#1994,#1995,#1996,
#1997,#1998,#1999,#2000,#2001,#2002,#2003,#2004,#2005,#2006,#2007,#2008,
#2009,#2010,#2011,#2012,#2013,#2014,#2015,#2016,#2017,#2018,#2019,#2020,
#2021,#2022,#2023,#2024,#2025,#2026,#2027,#2028,#2029,#2030,#2031,#2032,
#2033,#2034,#2035,#2036,#2037,#2038,#2039,#2040,#2041,#2042,#2043,#2044,
#2045,#2046,#2047,#2048,#2049,#2050,#2051,#2052,#2053,#2054,#2055,#2056,
#2057),#5150);
#5150=(
GEOMETRIC_REPRESENTATION_CONTEXT(3)
GLOBAL_UNCERTAINTY_ASSIGNED_CONTEXT((#5151))
GLOBAL_UNIT_ASSIGNED_CONTEXT((#5154,#5153,#5152))
REPRESENTATION_CONTEXT('headband_LissEYEjous_v2',
'TOP_LEVEL_ASSEMBLY_PART')
);
#5151=UNCERTAINTY_MEASURE_WITH_UNIT(LENGTH_MEASURE(0.005),#5154,
'DISTANCE_ACCURACY_VALUE','Maximum Tolerance applied to model');
#5152=(
NAMED_UNIT(*)
SI_UNIT($,.STERADIAN.)
SOLID_ANGLE_UNIT()
);
#5153=(
NAMED_UNIT(*)
PLANE_ANGLE_UNIT()
SI_UNIT($,.RADIAN.)
);
#5154=(
LENGTH_UNIT()
NAMED_UNIT(*)
SI_UNIT(.MILLI.,.METRE.)
);
#5155=PRODUCT_DEFINITION_SHAPE('','',#5156);
#5156=PRODUCT_DEFINITION('','',#5158,#5157);
#5157=PRODUCT_DEFINITION_CONTEXT('',#5164,'design');
#5158=PRODUCT_DEFINITION_FORMATION_WITH_SPECIFIED_SOURCE('','',#5160,
 .NOT_KNOWN.);
#5159=PRODUCT_RELATED_PRODUCT_CATEGORY('','',(#5160));
#5160=PRODUCT('headband_LissEYEjous_v2','headband_LissEYEjous_v2',
'headband_LissEYEjous_v2',(#5162));
#5161=PRODUCT_CATEGORY('','');
#5162=PRODUCT_CONTEXT('',#5164,'mechanical');
#5163=APPLICATION_PROTOCOL_DEFINITION('international standard',
'automotive_design',2010,#5164);
#5164=APPLICATION_CONTEXT(
'core data for automotive mechanical design processes');
ENDSEC;
END-ISO-10303-21;
